image_path,label
ironed_white_shirt/000001.jpg,0
ironed_white_shirt/000002.jpg,0
ironed_white_shirt/000003.jpg,0
ironed_white_shirt/000004.jpg,0
ironed_white_shirt/000005.jpg,0
ironed_white_shirt/000006.jpg,0
ironed_white_shirt/000007.jpg,0
ironed_white_shirt/000008.jpg,0
ironed_white_shirt/000009.jpg,0
ironed_white_shirt/000010.jpg,0
ironed_white_shirt/000011.jpg,0
ironed_white_shirt/000012.jpg,0
ironed_white_shirt/000013.jpg,0
ironed_white_shirt/000014.jpg,0
ironed_white_shirt/000015.jpg,0
ironed_white_shirt/000016.jpg,0
ironed_white_shirt/000017.jpg,0
ironed_white_shirt/000018.jpg,0
ironed_white_shirt/000019.jpg,0
ironed_white_shirt/000020.jpg,0
ironed_white_shirt/000021.jpg,0
ironed_white_shirt/000022.jpg,0
ironed_white_shirt/000023.jpg,0
ironed_white_shirt/000024.jpg,0
ironed_white_shirt/000025.jpg,0
ironed_white_shirt/000026.jpg,0
ironed_white_shirt/000027.jpg,0
ironed_white_shirt/000028.jpg,0
ironed_white_shirt/000029.jpg,0
ironed_white_shirt/000030.jpg,0
ironed_white_shirt/000031.jpg,0
ironed_white_shirt/000032.jpg,0
ironed_white_shirt/000033.jpg,0
ironed_white_shirt/000034.jpg,0
ironed_white_shirt/000035.jpg,0
ironed_white_shirt/000036.jpg,0
ironed_white_shirt/000037.jpg,0
ironed_white_shirt/000038.jpg,0
ironed_white_shirt/000039.jpg,0
ironed_white_shirt/000040.jpg,0
ironed_white_shirt/000041.jpg,0
ironed_white_shirt/000042.jpg,0
ironed_white_shirt/000043.jpg,0
ironed_white_shirt/000044.jpg,0
ironed_white_shirt/000045.jpg,0
ironed_white_shirt/000046.jpg,0
ironed_white_shirt/000047.jpg,0
ironed_white_shirt/000048.jpg,0
ironed_white_shirt/000049.jpg,0
ironed_white_shirt/000050.jpg,0
ironed_white_shirt_augmented/000001_aug_00.jpg,0
ironed_white_shirt_augmented/000001_aug_01.jpg,0
ironed_white_shirt_augmented/000001_aug_02.jpg,0
ironed_white_shirt_augmented/000001_aug_03.jpg,0
ironed_white_shirt_augmented/000001_aug_04.jpg,0
ironed_white_shirt_augmented/000001_aug_05.jpg,0
ironed_white_shirt_augmented/000001_aug_06.jpg,0
ironed_white_shirt_augmented/000001_aug_07.jpg,0
ironed_white_shirt_augmented/000001_aug_08.jpg,0
ironed_white_shirt_augmented/000001_aug_09.jpg,0
ironed_white_shirt_augmented/000001_aug_10.jpg,0
ironed_white_shirt_augmented/000001_aug_11.jpg,0
ironed_white_shirt_augmented/000001_aug_12.jpg,0
ironed_white_shirt_augmented/000001_aug_13.jpg,0
ironed_white_shirt_augmented/000001_aug_14.jpg,0
ironed_white_shirt_augmented/000001_aug_15.jpg,0
ironed_white_shirt_augmented/000001_aug_16.jpg,0
ironed_white_shirt_augmented/000001_aug_17.jpg,0
ironed_white_shirt_augmented/000001_aug_18.jpg,0
ironed_white_shirt_augmented/000001_aug_19.jpg,0
ironed_white_shirt_augmented/000001_aug_20.jpg,0
ironed_white_shirt_augmented/000001_aug_21.jpg,0
ironed_white_shirt_augmented/000001_aug_22.jpg,0
ironed_white_shirt_augmented/000002_aug_00.jpg,0
ironed_white_shirt_augmented/000002_aug_01.jpg,0
ironed_white_shirt_augmented/000002_aug_02.jpg,0
ironed_white_shirt_augmented/000002_aug_03.jpg,0
ironed_white_shirt_augmented/000002_aug_04.jpg,0
ironed_white_shirt_augmented/000002_aug_05.jpg,0
ironed_white_shirt_augmented/000002_aug_06.jpg,0
ironed_white_shirt_augmented/000002_aug_07.jpg,0
ironed_white_shirt_augmented/000002_aug_08.jpg,0
ironed_white_shirt_augmented/000002_aug_09.jpg,0
ironed_white_shirt_augmented/000002_aug_10.jpg,0
ironed_white_shirt_augmented/000002_aug_11.jpg,0
ironed_white_shirt_augmented/000002_aug_12.jpg,0
ironed_white_shirt_augmented/000002_aug_13.jpg,0
ironed_white_shirt_augmented/000002_aug_14.jpg,0
ironed_white_shirt_augmented/000002_aug_15.jpg,0
ironed_white_shirt_augmented/000002_aug_16.jpg,0
ironed_white_shirt_augmented/000002_aug_17.jpg,0
ironed_white_shirt_augmented/000002_aug_18.jpg,0
ironed_white_shirt_augmented/000002_aug_19.jpg,0
ironed_white_shirt_augmented/000002_aug_20.jpg,0
ironed_white_shirt_augmented/000002_aug_21.jpg,0
ironed_white_shirt_augmented/000002_aug_22.jpg,0
ironed_white_shirt_augmented/000003_aug_00.jpg,0
ironed_white_shirt_augmented/000003_aug_01.jpg,0
ironed_white_shirt_augmented/000003_aug_02.jpg,0
ironed_white_shirt_augmented/000003_aug_03.jpg,0
ironed_white_shirt_augmented/000003_aug_04.jpg,0
ironed_white_shirt_augmented/000003_aug_05.jpg,0
ironed_white_shirt_augmented/000003_aug_06.jpg,0
ironed_white_shirt_augmented/000003_aug_07.jpg,0
ironed_white_shirt_augmented/000003_aug_08.jpg,0
ironed_white_shirt_augmented/000003_aug_09.jpg,0
ironed_white_shirt_augmented/000003_aug_10.jpg,0
ironed_white_shirt_augmented/000003_aug_11.jpg,0
ironed_white_shirt_augmented/000003_aug_12.jpg,0
ironed_white_shirt_augmented/000003_aug_13.jpg,0
ironed_white_shirt_augmented/000003_aug_14.jpg,0
ironed_white_shirt_augmented/000003_aug_15.jpg,0
ironed_white_shirt_augmented/000003_aug_16.jpg,0
ironed_white_shirt_augmented/000003_aug_17.jpg,0
ironed_white_shirt_augmented/000003_aug_18.jpg,0
ironed_white_shirt_augmented/000003_aug_19.jpg,0
ironed_white_shirt_augmented/000003_aug_20.jpg,0
ironed_white_shirt_augmented/000003_aug_21.jpg,0
ironed_white_shirt_augmented/000003_aug_22.jpg,0
ironed_white_shirt_augmented/000004_aug_00.jpg,0
ironed_white_shirt_augmented/000004_aug_01.jpg,0
ironed_white_shirt_augmented/000004_aug_02.jpg,0
ironed_white_shirt_augmented/000004_aug_03.jpg,0
ironed_white_shirt_augmented/000004_aug_04.jpg,0
ironed_white_shirt_augmented/000004_aug_05.jpg,0
ironed_white_shirt_augmented/000004_aug_06.jpg,0
ironed_white_shirt_augmented/000004_aug_07.jpg,0
ironed_white_shirt_augmented/000004_aug_08.jpg,0
ironed_white_shirt_augmented/000004_aug_09.jpg,0
ironed_white_shirt_augmented/000004_aug_10.jpg,0
ironed_white_shirt_augmented/000004_aug_11.jpg,0
ironed_white_shirt_augmented/000004_aug_12.jpg,0
ironed_white_shirt_augmented/000004_aug_13.jpg,0
ironed_white_shirt_augmented/000004_aug_14.jpg,0
ironed_white_shirt_augmented/000004_aug_15.jpg,0
ironed_white_shirt_augmented/000004_aug_16.jpg,0
ironed_white_shirt_augmented/000004_aug_17.jpg,0
ironed_white_shirt_augmented/000004_aug_18.jpg,0
ironed_white_shirt_augmented/000004_aug_19.jpg,0
ironed_white_shirt_augmented/000004_aug_20.jpg,0
ironed_white_shirt_augmented/000004_aug_21.jpg,0
ironed_white_shirt_augmented/000004_aug_22.jpg,0
ironed_white_shirt_augmented/000005_aug_00.jpg,0
ironed_white_shirt_augmented/000005_aug_01.jpg,0
ironed_white_shirt_augmented/000005_aug_02.jpg,0
ironed_white_shirt_augmented/000005_aug_03.jpg,0
ironed_white_shirt_augmented/000005_aug_04.jpg,0
ironed_white_shirt_augmented/000005_aug_05.jpg,0
ironed_white_shirt_augmented/000005_aug_06.jpg,0
ironed_white_shirt_augmented/000005_aug_07.jpg,0
ironed_white_shirt_augmented/000005_aug_08.jpg,0
ironed_white_shirt_augmented/000005_aug_09.jpg,0
ironed_white_shirt_augmented/000005_aug_10.jpg,0
ironed_white_shirt_augmented/000005_aug_11.jpg,0
ironed_white_shirt_augmented/000005_aug_12.jpg,0
ironed_white_shirt_augmented/000005_aug_13.jpg,0
ironed_white_shirt_augmented/000005_aug_14.jpg,0
ironed_white_shirt_augmented/000005_aug_15.jpg,0
ironed_white_shirt_augmented/000005_aug_16.jpg,0
ironed_white_shirt_augmented/000005_aug_17.jpg,0
ironed_white_shirt_augmented/000005_aug_18.jpg,0
ironed_white_shirt_augmented/000005_aug_19.jpg,0
ironed_white_shirt_augmented/000005_aug_20.jpg,0
ironed_white_shirt_augmented/000005_aug_21.jpg,0
ironed_white_shirt_augmented/000005_aug_22.jpg,0
ironed_white_shirt_augmented/000006_aug_00.jpg,0
ironed_white_shirt_augmented/000006_aug_01.jpg,0
ironed_white_shirt_augmented/000006_aug_02.jpg,0
ironed_white_shirt_augmented/000006_aug_03.jpg,0
ironed_white_shirt_augmented/000006_aug_04.jpg,0
ironed_white_shirt_augmented/000006_aug_05.jpg,0
ironed_white_shirt_augmented/000006_aug_06.jpg,0
ironed_white_shirt_augmented/000006_aug_07.jpg,0
ironed_white_shirt_augmented/000006_aug_08.jpg,0
ironed_white_shirt_augmented/000006_aug_09.jpg,0
ironed_white_shirt_augmented/000006_aug_10.jpg,0
ironed_white_shirt_augmented/000006_aug_11.jpg,0
ironed_white_shirt_augmented/000006_aug_12.jpg,0
ironed_white_shirt_augmented/000006_aug_13.jpg,0
ironed_white_shirt_augmented/000006_aug_14.jpg,0
ironed_white_shirt_augmented/000006_aug_15.jpg,0
ironed_white_shirt_augmented/000006_aug_16.jpg,0
ironed_white_shirt_augmented/000006_aug_17.jpg,0
ironed_white_shirt_augmented/000006_aug_18.jpg,0
ironed_white_shirt_augmented/000006_aug_19.jpg,0
ironed_white_shirt_augmented/000006_aug_20.jpg,0
ironed_white_shirt_augmented/000006_aug_21.jpg,0
ironed_white_shirt_augmented/000006_aug_22.jpg,0
ironed_white_shirt_augmented/000007_aug_00.jpg,0
ironed_white_shirt_augmented/000007_aug_01.jpg,0
ironed_white_shirt_augmented/000007_aug_02.jpg,0
ironed_white_shirt_augmented/000007_aug_03.jpg,0
ironed_white_shirt_augmented/000007_aug_04.jpg,0
ironed_white_shirt_augmented/000007_aug_05.jpg,0
ironed_white_shirt_augmented/000007_aug_06.jpg,0
ironed_white_shirt_augmented/000007_aug_07.jpg,0
ironed_white_shirt_augmented/000007_aug_08.jpg,0
ironed_white_shirt_augmented/000007_aug_09.jpg,0
ironed_white_shirt_augmented/000007_aug_10.jpg,0
ironed_white_shirt_augmented/000007_aug_11.jpg,0
ironed_white_shirt_augmented/000007_aug_12.jpg,0
ironed_white_shirt_augmented/000007_aug_13.jpg,0
ironed_white_shirt_augmented/000007_aug_14.jpg,0
ironed_white_shirt_augmented/000007_aug_15.jpg,0
ironed_white_shirt_augmented/000007_aug_16.jpg,0
ironed_white_shirt_augmented/000007_aug_17.jpg,0
ironed_white_shirt_augmented/000007_aug_18.jpg,0
ironed_white_shirt_augmented/000007_aug_19.jpg,0
ironed_white_shirt_augmented/000007_aug_20.jpg,0
ironed_white_shirt_augmented/000007_aug_21.jpg,0
ironed_white_shirt_augmented/000007_aug_22.jpg,0
ironed_white_shirt_augmented/000008_aug_00.jpg,0
ironed_white_shirt_augmented/000008_aug_01.jpg,0
ironed_white_shirt_augmented/000008_aug_02.jpg,0
ironed_white_shirt_augmented/000008_aug_03.jpg,0
ironed_white_shirt_augmented/000008_aug_04.jpg,0
ironed_white_shirt_augmented/000008_aug_05.jpg,0
ironed_white_shirt_augmented/000008_aug_06.jpg,0
ironed_white_shirt_augmented/000008_aug_07.jpg,0
ironed_white_shirt_augmented/000008_aug_08.jpg,0
ironed_white_shirt_augmented/000008_aug_09.jpg,0
ironed_white_shirt_augmented/000008_aug_10.jpg,0
ironed_white_shirt_augmented/000008_aug_11.jpg,0
ironed_white_shirt_augmented/000008_aug_12.jpg,0
ironed_white_shirt_augmented/000008_aug_13.jpg,0
ironed_white_shirt_augmented/000008_aug_14.jpg,0
ironed_white_shirt_augmented/000008_aug_15.jpg,0
ironed_white_shirt_augmented/000008_aug_16.jpg,0
ironed_white_shirt_augmented/000008_aug_17.jpg,0
ironed_white_shirt_augmented/000008_aug_18.jpg,0
ironed_white_shirt_augmented/000008_aug_19.jpg,0
ironed_white_shirt_augmented/000008_aug_20.jpg,0
ironed_white_shirt_augmented/000008_aug_21.jpg,0
ironed_white_shirt_augmented/000008_aug_22.jpg,0
ironed_white_shirt_augmented/000009_aug_00.jpg,0
ironed_white_shirt_augmented/000009_aug_01.jpg,0
ironed_white_shirt_augmented/000009_aug_02.jpg,0
ironed_white_shirt_augmented/000009_aug_03.jpg,0
ironed_white_shirt_augmented/000009_aug_04.jpg,0
ironed_white_shirt_augmented/000009_aug_05.jpg,0
ironed_white_shirt_augmented/000009_aug_06.jpg,0
ironed_white_shirt_augmented/000009_aug_07.jpg,0
ironed_white_shirt_augmented/000009_aug_08.jpg,0
ironed_white_shirt_augmented/000009_aug_09.jpg,0
ironed_white_shirt_augmented/000009_aug_10.jpg,0
ironed_white_shirt_augmented/000009_aug_11.jpg,0
ironed_white_shirt_augmented/000009_aug_12.jpg,0
ironed_white_shirt_augmented/000009_aug_13.jpg,0
ironed_white_shirt_augmented/000009_aug_14.jpg,0
ironed_white_shirt_augmented/000009_aug_15.jpg,0
ironed_white_shirt_augmented/000009_aug_16.jpg,0
ironed_white_shirt_augmented/000009_aug_17.jpg,0
ironed_white_shirt_augmented/000009_aug_18.jpg,0
ironed_white_shirt_augmented/000009_aug_19.jpg,0
ironed_white_shirt_augmented/000009_aug_20.jpg,0
ironed_white_shirt_augmented/000009_aug_21.jpg,0
ironed_white_shirt_augmented/000009_aug_22.jpg,0
ironed_white_shirt_augmented/000010_aug_00.jpg,0
ironed_white_shirt_augmented/000010_aug_01.jpg,0
ironed_white_shirt_augmented/000010_aug_02.jpg,0
ironed_white_shirt_augmented/000010_aug_03.jpg,0
ironed_white_shirt_augmented/000010_aug_04.jpg,0
ironed_white_shirt_augmented/000010_aug_05.jpg,0
ironed_white_shirt_augmented/000010_aug_06.jpg,0
ironed_white_shirt_augmented/000010_aug_07.jpg,0
ironed_white_shirt_augmented/000010_aug_08.jpg,0
ironed_white_shirt_augmented/000010_aug_09.jpg,0
ironed_white_shirt_augmented/000010_aug_10.jpg,0
ironed_white_shirt_augmented/000010_aug_11.jpg,0
ironed_white_shirt_augmented/000010_aug_12.jpg,0
ironed_white_shirt_augmented/000010_aug_13.jpg,0
ironed_white_shirt_augmented/000010_aug_14.jpg,0
ironed_white_shirt_augmented/000010_aug_15.jpg,0
ironed_white_shirt_augmented/000010_aug_16.jpg,0
ironed_white_shirt_augmented/000010_aug_17.jpg,0
ironed_white_shirt_augmented/000010_aug_18.jpg,0
ironed_white_shirt_augmented/000010_aug_19.jpg,0
ironed_white_shirt_augmented/000010_aug_20.jpg,0
ironed_white_shirt_augmented/000010_aug_21.jpg,0
ironed_white_shirt_augmented/000010_aug_22.jpg,0
ironed_white_shirt_augmented/000011_aug_00.jpg,0
ironed_white_shirt_augmented/000011_aug_01.jpg,0
ironed_white_shirt_augmented/000011_aug_02.jpg,0
ironed_white_shirt_augmented/000011_aug_03.jpg,0
ironed_white_shirt_augmented/000011_aug_04.jpg,0
ironed_white_shirt_augmented/000011_aug_05.jpg,0
ironed_white_shirt_augmented/000011_aug_06.jpg,0
ironed_white_shirt_augmented/000011_aug_07.jpg,0
ironed_white_shirt_augmented/000011_aug_08.jpg,0
ironed_white_shirt_augmented/000011_aug_09.jpg,0
ironed_white_shirt_augmented/000011_aug_10.jpg,0
ironed_white_shirt_augmented/000011_aug_11.jpg,0
ironed_white_shirt_augmented/000011_aug_12.jpg,0
ironed_white_shirt_augmented/000011_aug_13.jpg,0
ironed_white_shirt_augmented/000011_aug_14.jpg,0
ironed_white_shirt_augmented/000011_aug_15.jpg,0
ironed_white_shirt_augmented/000011_aug_16.jpg,0
ironed_white_shirt_augmented/000011_aug_17.jpg,0
ironed_white_shirt_augmented/000011_aug_18.jpg,0
ironed_white_shirt_augmented/000011_aug_19.jpg,0
ironed_white_shirt_augmented/000011_aug_20.jpg,0
ironed_white_shirt_augmented/000011_aug_21.jpg,0
ironed_white_shirt_augmented/000011_aug_22.jpg,0
ironed_white_shirt_augmented/000012_aug_00.jpg,0
ironed_white_shirt_augmented/000012_aug_01.jpg,0
ironed_white_shirt_augmented/000012_aug_02.jpg,0
ironed_white_shirt_augmented/000012_aug_03.jpg,0
ironed_white_shirt_augmented/000012_aug_04.jpg,0
ironed_white_shirt_augmented/000012_aug_05.jpg,0
ironed_white_shirt_augmented/000012_aug_06.jpg,0
ironed_white_shirt_augmented/000012_aug_07.jpg,0
ironed_white_shirt_augmented/000012_aug_08.jpg,0
ironed_white_shirt_augmented/000012_aug_09.jpg,0
ironed_white_shirt_augmented/000012_aug_10.jpg,0
ironed_white_shirt_augmented/000012_aug_11.jpg,0
ironed_white_shirt_augmented/000012_aug_12.jpg,0
ironed_white_shirt_augmented/000012_aug_13.jpg,0
ironed_white_shirt_augmented/000012_aug_14.jpg,0
ironed_white_shirt_augmented/000012_aug_15.jpg,0
ironed_white_shirt_augmented/000012_aug_16.jpg,0
ironed_white_shirt_augmented/000012_aug_17.jpg,0
ironed_white_shirt_augmented/000012_aug_18.jpg,0
ironed_white_shirt_augmented/000012_aug_19.jpg,0
ironed_white_shirt_augmented/000012_aug_20.jpg,0
ironed_white_shirt_augmented/000012_aug_21.jpg,0
ironed_white_shirt_augmented/000012_aug_22.jpg,0
ironed_white_shirt_augmented/000013_aug_00.jpg,0
ironed_white_shirt_augmented/000013_aug_01.jpg,0
ironed_white_shirt_augmented/000013_aug_02.jpg,0
ironed_white_shirt_augmented/000013_aug_03.jpg,0
ironed_white_shirt_augmented/000013_aug_04.jpg,0
ironed_white_shirt_augmented/000013_aug_05.jpg,0
ironed_white_shirt_augmented/000013_aug_06.jpg,0
ironed_white_shirt_augmented/000013_aug_07.jpg,0
ironed_white_shirt_augmented/000013_aug_08.jpg,0
ironed_white_shirt_augmented/000013_aug_09.jpg,0
ironed_white_shirt_augmented/000013_aug_10.jpg,0
ironed_white_shirt_augmented/000013_aug_11.jpg,0
ironed_white_shirt_augmented/000013_aug_12.jpg,0
ironed_white_shirt_augmented/000013_aug_13.jpg,0
ironed_white_shirt_augmented/000013_aug_14.jpg,0
ironed_white_shirt_augmented/000013_aug_15.jpg,0
ironed_white_shirt_augmented/000013_aug_16.jpg,0
ironed_white_shirt_augmented/000013_aug_17.jpg,0
ironed_white_shirt_augmented/000013_aug_18.jpg,0
ironed_white_shirt_augmented/000013_aug_19.jpg,0
ironed_white_shirt_augmented/000013_aug_20.jpg,0
ironed_white_shirt_augmented/000013_aug_21.jpg,0
ironed_white_shirt_augmented/000013_aug_22.jpg,0
ironed_white_shirt_augmented/000014_aug_00.jpg,0
ironed_white_shirt_augmented/000014_aug_01.jpg,0
ironed_white_shirt_augmented/000014_aug_02.jpg,0
ironed_white_shirt_augmented/000014_aug_03.jpg,0
ironed_white_shirt_augmented/000014_aug_04.jpg,0
ironed_white_shirt_augmented/000014_aug_05.jpg,0
ironed_white_shirt_augmented/000014_aug_06.jpg,0
ironed_white_shirt_augmented/000014_aug_07.jpg,0
ironed_white_shirt_augmented/000014_aug_08.jpg,0
ironed_white_shirt_augmented/000014_aug_09.jpg,0
ironed_white_shirt_augmented/000014_aug_10.jpg,0
ironed_white_shirt_augmented/000014_aug_11.jpg,0
ironed_white_shirt_augmented/000014_aug_12.jpg,0
ironed_white_shirt_augmented/000014_aug_13.jpg,0
ironed_white_shirt_augmented/000014_aug_14.jpg,0
ironed_white_shirt_augmented/000014_aug_15.jpg,0
ironed_white_shirt_augmented/000014_aug_16.jpg,0
ironed_white_shirt_augmented/000014_aug_17.jpg,0
ironed_white_shirt_augmented/000014_aug_18.jpg,0
ironed_white_shirt_augmented/000014_aug_19.jpg,0
ironed_white_shirt_augmented/000014_aug_20.jpg,0
ironed_white_shirt_augmented/000014_aug_21.jpg,0
ironed_white_shirt_augmented/000014_aug_22.jpg,0
ironed_white_shirt_augmented/000015_aug_00.jpg,0
ironed_white_shirt_augmented/000015_aug_01.jpg,0
ironed_white_shirt_augmented/000015_aug_02.jpg,0
ironed_white_shirt_augmented/000015_aug_03.jpg,0
ironed_white_shirt_augmented/000015_aug_04.jpg,0
ironed_white_shirt_augmented/000015_aug_05.jpg,0
ironed_white_shirt_augmented/000015_aug_06.jpg,0
ironed_white_shirt_augmented/000015_aug_07.jpg,0
ironed_white_shirt_augmented/000015_aug_08.jpg,0
ironed_white_shirt_augmented/000015_aug_09.jpg,0
ironed_white_shirt_augmented/000015_aug_10.jpg,0
ironed_white_shirt_augmented/000015_aug_11.jpg,0
ironed_white_shirt_augmented/000015_aug_12.jpg,0
ironed_white_shirt_augmented/000015_aug_13.jpg,0
ironed_white_shirt_augmented/000015_aug_14.jpg,0
ironed_white_shirt_augmented/000015_aug_15.jpg,0
ironed_white_shirt_augmented/000015_aug_16.jpg,0
ironed_white_shirt_augmented/000015_aug_17.jpg,0
ironed_white_shirt_augmented/000015_aug_18.jpg,0
ironed_white_shirt_augmented/000015_aug_19.jpg,0
ironed_white_shirt_augmented/000015_aug_20.jpg,0
ironed_white_shirt_augmented/000015_aug_21.jpg,0
ironed_white_shirt_augmented/000015_aug_22.jpg,0
ironed_white_shirt_augmented/000016_aug_00.jpg,0
ironed_white_shirt_augmented/000016_aug_01.jpg,0
ironed_white_shirt_augmented/000016_aug_02.jpg,0
ironed_white_shirt_augmented/000016_aug_03.jpg,0
ironed_white_shirt_augmented/000016_aug_04.jpg,0
ironed_white_shirt_augmented/000016_aug_05.jpg,0
ironed_white_shirt_augmented/000016_aug_06.jpg,0
ironed_white_shirt_augmented/000016_aug_07.jpg,0
ironed_white_shirt_augmented/000016_aug_08.jpg,0
ironed_white_shirt_augmented/000016_aug_09.jpg,0
ironed_white_shirt_augmented/000016_aug_10.jpg,0
ironed_white_shirt_augmented/000016_aug_11.jpg,0
ironed_white_shirt_augmented/000016_aug_12.jpg,0
ironed_white_shirt_augmented/000016_aug_13.jpg,0
ironed_white_shirt_augmented/000016_aug_14.jpg,0
ironed_white_shirt_augmented/000016_aug_15.jpg,0
ironed_white_shirt_augmented/000016_aug_16.jpg,0
ironed_white_shirt_augmented/000016_aug_17.jpg,0
ironed_white_shirt_augmented/000016_aug_18.jpg,0
ironed_white_shirt_augmented/000016_aug_19.jpg,0
ironed_white_shirt_augmented/000016_aug_20.jpg,0
ironed_white_shirt_augmented/000016_aug_21.jpg,0
ironed_white_shirt_augmented/000016_aug_22.jpg,0
ironed_white_shirt_augmented/000017_aug_00.jpg,0
ironed_white_shirt_augmented/000017_aug_01.jpg,0
ironed_white_shirt_augmented/000017_aug_02.jpg,0
ironed_white_shirt_augmented/000017_aug_03.jpg,0
ironed_white_shirt_augmented/000017_aug_04.jpg,0
ironed_white_shirt_augmented/000017_aug_05.jpg,0
ironed_white_shirt_augmented/000017_aug_06.jpg,0
ironed_white_shirt_augmented/000017_aug_07.jpg,0
ironed_white_shirt_augmented/000017_aug_08.jpg,0
ironed_white_shirt_augmented/000017_aug_09.jpg,0
ironed_white_shirt_augmented/000017_aug_10.jpg,0
ironed_white_shirt_augmented/000017_aug_11.jpg,0
ironed_white_shirt_augmented/000017_aug_12.jpg,0
ironed_white_shirt_augmented/000017_aug_13.jpg,0
ironed_white_shirt_augmented/000017_aug_14.jpg,0
ironed_white_shirt_augmented/000017_aug_15.jpg,0
ironed_white_shirt_augmented/000017_aug_16.jpg,0
ironed_white_shirt_augmented/000017_aug_17.jpg,0
ironed_white_shirt_augmented/000017_aug_18.jpg,0
ironed_white_shirt_augmented/000017_aug_19.jpg,0
ironed_white_shirt_augmented/000017_aug_20.jpg,0
ironed_white_shirt_augmented/000017_aug_21.jpg,0
ironed_white_shirt_augmented/000017_aug_22.jpg,0
ironed_white_shirt_augmented/000018_aug_00.jpg,0
ironed_white_shirt_augmented/000018_aug_01.jpg,0
ironed_white_shirt_augmented/000018_aug_02.jpg,0
ironed_white_shirt_augmented/000018_aug_03.jpg,0
ironed_white_shirt_augmented/000018_aug_04.jpg,0
ironed_white_shirt_augmented/000018_aug_05.jpg,0
ironed_white_shirt_augmented/000018_aug_06.jpg,0
ironed_white_shirt_augmented/000018_aug_07.jpg,0
ironed_white_shirt_augmented/000018_aug_08.jpg,0
ironed_white_shirt_augmented/000018_aug_09.jpg,0
ironed_white_shirt_augmented/000018_aug_10.jpg,0
ironed_white_shirt_augmented/000018_aug_11.jpg,0
ironed_white_shirt_augmented/000018_aug_12.jpg,0
ironed_white_shirt_augmented/000018_aug_13.jpg,0
ironed_white_shirt_augmented/000018_aug_14.jpg,0
ironed_white_shirt_augmented/000018_aug_15.jpg,0
ironed_white_shirt_augmented/000018_aug_16.jpg,0
ironed_white_shirt_augmented/000018_aug_17.jpg,0
ironed_white_shirt_augmented/000018_aug_18.jpg,0
ironed_white_shirt_augmented/000018_aug_19.jpg,0
ironed_white_shirt_augmented/000018_aug_20.jpg,0
ironed_white_shirt_augmented/000018_aug_21.jpg,0
ironed_white_shirt_augmented/000018_aug_22.jpg,0
ironed_white_shirt_augmented/000019_aug_00.jpg,0
ironed_white_shirt_augmented/000019_aug_01.jpg,0
ironed_white_shirt_augmented/000019_aug_02.jpg,0
ironed_white_shirt_augmented/000019_aug_03.jpg,0
ironed_white_shirt_augmented/000019_aug_04.jpg,0
ironed_white_shirt_augmented/000019_aug_05.jpg,0
ironed_white_shirt_augmented/000019_aug_06.jpg,0
ironed_white_shirt_augmented/000019_aug_07.jpg,0
ironed_white_shirt_augmented/000019_aug_08.jpg,0
ironed_white_shirt_augmented/000019_aug_09.jpg,0
ironed_white_shirt_augmented/000019_aug_10.jpg,0
ironed_white_shirt_augmented/000019_aug_11.jpg,0
ironed_white_shirt_augmented/000019_aug_12.jpg,0
ironed_white_shirt_augmented/000019_aug_13.jpg,0
ironed_white_shirt_augmented/000019_aug_14.jpg,0
ironed_white_shirt_augmented/000019_aug_15.jpg,0
ironed_white_shirt_augmented/000019_aug_16.jpg,0
ironed_white_shirt_augmented/000019_aug_17.jpg,0
ironed_white_shirt_augmented/000019_aug_18.jpg,0
ironed_white_shirt_augmented/000019_aug_19.jpg,0
ironed_white_shirt_augmented/000019_aug_20.jpg,0
ironed_white_shirt_augmented/000019_aug_21.jpg,0
ironed_white_shirt_augmented/000019_aug_22.jpg,0
ironed_white_shirt_augmented/000020_aug_00.jpg,0
ironed_white_shirt_augmented/000020_aug_01.jpg,0
ironed_white_shirt_augmented/000020_aug_02.jpg,0
ironed_white_shirt_augmented/000020_aug_03.jpg,0
ironed_white_shirt_augmented/000020_aug_04.jpg,0
ironed_white_shirt_augmented/000020_aug_05.jpg,0
ironed_white_shirt_augmented/000020_aug_06.jpg,0
ironed_white_shirt_augmented/000020_aug_07.jpg,0
ironed_white_shirt_augmented/000020_aug_08.jpg,0
ironed_white_shirt_augmented/000020_aug_09.jpg,0
ironed_white_shirt_augmented/000020_aug_10.jpg,0
ironed_white_shirt_augmented/000020_aug_11.jpg,0
ironed_white_shirt_augmented/000020_aug_12.jpg,0
ironed_white_shirt_augmented/000020_aug_13.jpg,0
ironed_white_shirt_augmented/000020_aug_14.jpg,0
ironed_white_shirt_augmented/000020_aug_15.jpg,0
ironed_white_shirt_augmented/000020_aug_16.jpg,0
ironed_white_shirt_augmented/000020_aug_17.jpg,0
ironed_white_shirt_augmented/000020_aug_18.jpg,0
ironed_white_shirt_augmented/000020_aug_19.jpg,0
ironed_white_shirt_augmented/000020_aug_20.jpg,0
ironed_white_shirt_augmented/000020_aug_21.jpg,0
ironed_white_shirt_augmented/000020_aug_22.jpg,0
ironed_white_shirt_augmented/000021_aug_00.jpg,0
ironed_white_shirt_augmented/000021_aug_01.jpg,0
ironed_white_shirt_augmented/000021_aug_02.jpg,0
ironed_white_shirt_augmented/000021_aug_03.jpg,0
ironed_white_shirt_augmented/000021_aug_04.jpg,0
ironed_white_shirt_augmented/000021_aug_05.jpg,0
ironed_white_shirt_augmented/000021_aug_06.jpg,0
ironed_white_shirt_augmented/000021_aug_07.jpg,0
ironed_white_shirt_augmented/000021_aug_08.jpg,0
ironed_white_shirt_augmented/000021_aug_09.jpg,0
ironed_white_shirt_augmented/000021_aug_10.jpg,0
ironed_white_shirt_augmented/000021_aug_11.jpg,0
ironed_white_shirt_augmented/000021_aug_12.jpg,0
ironed_white_shirt_augmented/000021_aug_13.jpg,0
ironed_white_shirt_augmented/000021_aug_14.jpg,0
ironed_white_shirt_augmented/000021_aug_15.jpg,0
ironed_white_shirt_augmented/000021_aug_16.jpg,0
ironed_white_shirt_augmented/000021_aug_17.jpg,0
ironed_white_shirt_augmented/000021_aug_18.jpg,0
ironed_white_shirt_augmented/000021_aug_19.jpg,0
ironed_white_shirt_augmented/000021_aug_20.jpg,0
ironed_white_shirt_augmented/000021_aug_21.jpg,0
ironed_white_shirt_augmented/000021_aug_22.jpg,0
ironed_white_shirt_augmented/000022_aug_00.jpg,0
ironed_white_shirt_augmented/000022_aug_01.jpg,0
ironed_white_shirt_augmented/000022_aug_02.jpg,0
ironed_white_shirt_augmented/000022_aug_03.jpg,0
ironed_white_shirt_augmented/000022_aug_04.jpg,0
ironed_white_shirt_augmented/000022_aug_05.jpg,0
ironed_white_shirt_augmented/000022_aug_06.jpg,0
ironed_white_shirt_augmented/000022_aug_07.jpg,0
ironed_white_shirt_augmented/000022_aug_08.jpg,0
ironed_white_shirt_augmented/000022_aug_09.jpg,0
ironed_white_shirt_augmented/000022_aug_10.jpg,0
ironed_white_shirt_augmented/000022_aug_11.jpg,0
ironed_white_shirt_augmented/000022_aug_12.jpg,0
ironed_white_shirt_augmented/000022_aug_13.jpg,0
ironed_white_shirt_augmented/000022_aug_14.jpg,0
ironed_white_shirt_augmented/000022_aug_15.jpg,0
ironed_white_shirt_augmented/000022_aug_16.jpg,0
ironed_white_shirt_augmented/000022_aug_17.jpg,0
ironed_white_shirt_augmented/000022_aug_18.jpg,0
ironed_white_shirt_augmented/000022_aug_19.jpg,0
ironed_white_shirt_augmented/000022_aug_20.jpg,0
ironed_white_shirt_augmented/000022_aug_21.jpg,0
ironed_white_shirt_augmented/000022_aug_22.jpg,0
ironed_white_shirt_augmented/000023_aug_00.jpg,0
ironed_white_shirt_augmented/000023_aug_01.jpg,0
ironed_white_shirt_augmented/000023_aug_02.jpg,0
ironed_white_shirt_augmented/000023_aug_03.jpg,0
ironed_white_shirt_augmented/000023_aug_04.jpg,0
ironed_white_shirt_augmented/000023_aug_05.jpg,0
ironed_white_shirt_augmented/000023_aug_06.jpg,0
ironed_white_shirt_augmented/000023_aug_07.jpg,0
ironed_white_shirt_augmented/000023_aug_08.jpg,0
ironed_white_shirt_augmented/000023_aug_09.jpg,0
ironed_white_shirt_augmented/000023_aug_10.jpg,0
ironed_white_shirt_augmented/000023_aug_11.jpg,0
ironed_white_shirt_augmented/000023_aug_12.jpg,0
ironed_white_shirt_augmented/000023_aug_13.jpg,0
ironed_white_shirt_augmented/000023_aug_14.jpg,0
ironed_white_shirt_augmented/000023_aug_15.jpg,0
ironed_white_shirt_augmented/000023_aug_16.jpg,0
ironed_white_shirt_augmented/000023_aug_17.jpg,0
ironed_white_shirt_augmented/000023_aug_18.jpg,0
ironed_white_shirt_augmented/000023_aug_19.jpg,0
ironed_white_shirt_augmented/000023_aug_20.jpg,0
ironed_white_shirt_augmented/000023_aug_21.jpg,0
ironed_white_shirt_augmented/000023_aug_22.jpg,0
ironed_white_shirt_augmented/000024_aug_00.jpg,0
ironed_white_shirt_augmented/000024_aug_01.jpg,0
ironed_white_shirt_augmented/000024_aug_02.jpg,0
ironed_white_shirt_augmented/000024_aug_03.jpg,0
ironed_white_shirt_augmented/000024_aug_04.jpg,0
ironed_white_shirt_augmented/000024_aug_05.jpg,0
ironed_white_shirt_augmented/000024_aug_06.jpg,0
ironed_white_shirt_augmented/000024_aug_07.jpg,0
ironed_white_shirt_augmented/000024_aug_08.jpg,0
ironed_white_shirt_augmented/000024_aug_09.jpg,0
ironed_white_shirt_augmented/000024_aug_10.jpg,0
ironed_white_shirt_augmented/000024_aug_11.jpg,0
ironed_white_shirt_augmented/000024_aug_12.jpg,0
ironed_white_shirt_augmented/000024_aug_13.jpg,0
ironed_white_shirt_augmented/000024_aug_14.jpg,0
ironed_white_shirt_augmented/000024_aug_15.jpg,0
ironed_white_shirt_augmented/000024_aug_16.jpg,0
ironed_white_shirt_augmented/000024_aug_17.jpg,0
ironed_white_shirt_augmented/000024_aug_18.jpg,0
ironed_white_shirt_augmented/000024_aug_19.jpg,0
ironed_white_shirt_augmented/000024_aug_20.jpg,0
ironed_white_shirt_augmented/000024_aug_21.jpg,0
ironed_white_shirt_augmented/000024_aug_22.jpg,0
ironed_white_shirt_augmented/000025_aug_00.jpg,0
ironed_white_shirt_augmented/000025_aug_01.jpg,0
ironed_white_shirt_augmented/000025_aug_02.jpg,0
ironed_white_shirt_augmented/000025_aug_03.jpg,0
ironed_white_shirt_augmented/000025_aug_04.jpg,0
ironed_white_shirt_augmented/000025_aug_05.jpg,0
ironed_white_shirt_augmented/000025_aug_06.jpg,0
ironed_white_shirt_augmented/000025_aug_07.jpg,0
ironed_white_shirt_augmented/000025_aug_08.jpg,0
ironed_white_shirt_augmented/000025_aug_09.jpg,0
ironed_white_shirt_augmented/000025_aug_10.jpg,0
ironed_white_shirt_augmented/000025_aug_11.jpg,0
ironed_white_shirt_augmented/000025_aug_12.jpg,0
ironed_white_shirt_augmented/000025_aug_13.jpg,0
ironed_white_shirt_augmented/000025_aug_14.jpg,0
ironed_white_shirt_augmented/000025_aug_15.jpg,0
ironed_white_shirt_augmented/000025_aug_16.jpg,0
ironed_white_shirt_augmented/000025_aug_17.jpg,0
ironed_white_shirt_augmented/000025_aug_18.jpg,0
ironed_white_shirt_augmented/000025_aug_19.jpg,0
ironed_white_shirt_augmented/000025_aug_20.jpg,0
ironed_white_shirt_augmented/000025_aug_21.jpg,0
ironed_white_shirt_augmented/000025_aug_22.jpg,0
ironed_white_shirt_augmented/000026_aug_00.jpg,0
ironed_white_shirt_augmented/000026_aug_01.jpg,0
ironed_white_shirt_augmented/000026_aug_02.jpg,0
ironed_white_shirt_augmented/000026_aug_03.jpg,0
ironed_white_shirt_augmented/000026_aug_04.jpg,0
ironed_white_shirt_augmented/000026_aug_05.jpg,0
ironed_white_shirt_augmented/000026_aug_06.jpg,0
ironed_white_shirt_augmented/000026_aug_07.jpg,0
ironed_white_shirt_augmented/000026_aug_08.jpg,0
ironed_white_shirt_augmented/000026_aug_09.jpg,0
ironed_white_shirt_augmented/000026_aug_10.jpg,0
ironed_white_shirt_augmented/000026_aug_11.jpg,0
ironed_white_shirt_augmented/000026_aug_12.jpg,0
ironed_white_shirt_augmented/000026_aug_13.jpg,0
ironed_white_shirt_augmented/000026_aug_14.jpg,0
ironed_white_shirt_augmented/000026_aug_15.jpg,0
ironed_white_shirt_augmented/000026_aug_16.jpg,0
ironed_white_shirt_augmented/000026_aug_17.jpg,0
ironed_white_shirt_augmented/000026_aug_18.jpg,0
ironed_white_shirt_augmented/000026_aug_19.jpg,0
ironed_white_shirt_augmented/000026_aug_20.jpg,0
ironed_white_shirt_augmented/000026_aug_21.jpg,0
ironed_white_shirt_augmented/000026_aug_22.jpg,0
ironed_white_shirt_augmented/000027_aug_00.jpg,0
ironed_white_shirt_augmented/000027_aug_01.jpg,0
ironed_white_shirt_augmented/000027_aug_02.jpg,0
ironed_white_shirt_augmented/000027_aug_03.jpg,0
ironed_white_shirt_augmented/000027_aug_04.jpg,0
ironed_white_shirt_augmented/000027_aug_05.jpg,0
ironed_white_shirt_augmented/000027_aug_06.jpg,0
ironed_white_shirt_augmented/000027_aug_07.jpg,0
ironed_white_shirt_augmented/000027_aug_08.jpg,0
ironed_white_shirt_augmented/000027_aug_09.jpg,0
ironed_white_shirt_augmented/000027_aug_10.jpg,0
ironed_white_shirt_augmented/000027_aug_11.jpg,0
ironed_white_shirt_augmented/000027_aug_12.jpg,0
ironed_white_shirt_augmented/000027_aug_13.jpg,0
ironed_white_shirt_augmented/000027_aug_14.jpg,0
ironed_white_shirt_augmented/000027_aug_15.jpg,0
ironed_white_shirt_augmented/000027_aug_16.jpg,0
ironed_white_shirt_augmented/000027_aug_17.jpg,0
ironed_white_shirt_augmented/000027_aug_18.jpg,0
ironed_white_shirt_augmented/000027_aug_19.jpg,0
ironed_white_shirt_augmented/000027_aug_20.jpg,0
ironed_white_shirt_augmented/000027_aug_21.jpg,0
ironed_white_shirt_augmented/000027_aug_22.jpg,0
ironed_white_shirt_augmented/000028_aug_00.jpg,0
ironed_white_shirt_augmented/000028_aug_01.jpg,0
ironed_white_shirt_augmented/000028_aug_02.jpg,0
ironed_white_shirt_augmented/000028_aug_03.jpg,0
ironed_white_shirt_augmented/000028_aug_04.jpg,0
ironed_white_shirt_augmented/000028_aug_05.jpg,0
ironed_white_shirt_augmented/000028_aug_06.jpg,0
ironed_white_shirt_augmented/000028_aug_07.jpg,0
ironed_white_shirt_augmented/000028_aug_08.jpg,0
ironed_white_shirt_augmented/000028_aug_09.jpg,0
ironed_white_shirt_augmented/000028_aug_10.jpg,0
ironed_white_shirt_augmented/000028_aug_11.jpg,0
ironed_white_shirt_augmented/000028_aug_12.jpg,0
ironed_white_shirt_augmented/000028_aug_13.jpg,0
ironed_white_shirt_augmented/000028_aug_14.jpg,0
ironed_white_shirt_augmented/000028_aug_15.jpg,0
ironed_white_shirt_augmented/000028_aug_16.jpg,0
ironed_white_shirt_augmented/000028_aug_17.jpg,0
ironed_white_shirt_augmented/000028_aug_18.jpg,0
ironed_white_shirt_augmented/000028_aug_19.jpg,0
ironed_white_shirt_augmented/000028_aug_20.jpg,0
ironed_white_shirt_augmented/000028_aug_21.jpg,0
ironed_white_shirt_augmented/000028_aug_22.jpg,0
ironed_white_shirt_augmented/000029_aug_00.jpg,0
ironed_white_shirt_augmented/000029_aug_01.jpg,0
ironed_white_shirt_augmented/000029_aug_02.jpg,0
ironed_white_shirt_augmented/000029_aug_03.jpg,0
ironed_white_shirt_augmented/000029_aug_04.jpg,0
ironed_white_shirt_augmented/000029_aug_05.jpg,0
ironed_white_shirt_augmented/000029_aug_06.jpg,0
ironed_white_shirt_augmented/000029_aug_07.jpg,0
ironed_white_shirt_augmented/000029_aug_08.jpg,0
ironed_white_shirt_augmented/000029_aug_09.jpg,0
ironed_white_shirt_augmented/000029_aug_10.jpg,0
ironed_white_shirt_augmented/000029_aug_11.jpg,0
ironed_white_shirt_augmented/000029_aug_12.jpg,0
ironed_white_shirt_augmented/000029_aug_13.jpg,0
ironed_white_shirt_augmented/000029_aug_14.jpg,0
ironed_white_shirt_augmented/000029_aug_15.jpg,0
ironed_white_shirt_augmented/000029_aug_16.jpg,0
ironed_white_shirt_augmented/000029_aug_17.jpg,0
ironed_white_shirt_augmented/000029_aug_18.jpg,0
ironed_white_shirt_augmented/000029_aug_19.jpg,0
ironed_white_shirt_augmented/000029_aug_20.jpg,0
ironed_white_shirt_augmented/000029_aug_21.jpg,0
ironed_white_shirt_augmented/000029_aug_22.jpg,0
ironed_white_shirt_augmented/000030_aug_00.jpg,0
ironed_white_shirt_augmented/000030_aug_01.jpg,0
ironed_white_shirt_augmented/000030_aug_02.jpg,0
ironed_white_shirt_augmented/000030_aug_03.jpg,0
ironed_white_shirt_augmented/000030_aug_04.jpg,0
ironed_white_shirt_augmented/000030_aug_05.jpg,0
ironed_white_shirt_augmented/000030_aug_06.jpg,0
ironed_white_shirt_augmented/000030_aug_07.jpg,0
ironed_white_shirt_augmented/000030_aug_08.jpg,0
ironed_white_shirt_augmented/000030_aug_09.jpg,0
ironed_white_shirt_augmented/000030_aug_10.jpg,0
ironed_white_shirt_augmented/000030_aug_11.jpg,0
ironed_white_shirt_augmented/000030_aug_12.jpg,0
ironed_white_shirt_augmented/000030_aug_13.jpg,0
ironed_white_shirt_augmented/000030_aug_14.jpg,0
ironed_white_shirt_augmented/000030_aug_15.jpg,0
ironed_white_shirt_augmented/000030_aug_16.jpg,0
ironed_white_shirt_augmented/000030_aug_17.jpg,0
ironed_white_shirt_augmented/000030_aug_18.jpg,0
ironed_white_shirt_augmented/000030_aug_19.jpg,0
ironed_white_shirt_augmented/000030_aug_20.jpg,0
ironed_white_shirt_augmented/000030_aug_21.jpg,0
ironed_white_shirt_augmented/000030_aug_22.jpg,0
ironed_white_shirt_augmented/000031_aug_00.jpg,0
ironed_white_shirt_augmented/000031_aug_01.jpg,0
ironed_white_shirt_augmented/000031_aug_02.jpg,0
ironed_white_shirt_augmented/000031_aug_03.jpg,0
ironed_white_shirt_augmented/000031_aug_04.jpg,0
ironed_white_shirt_augmented/000031_aug_05.jpg,0
ironed_white_shirt_augmented/000031_aug_06.jpg,0
ironed_white_shirt_augmented/000031_aug_07.jpg,0
ironed_white_shirt_augmented/000031_aug_08.jpg,0
ironed_white_shirt_augmented/000031_aug_09.jpg,0
ironed_white_shirt_augmented/000031_aug_10.jpg,0
ironed_white_shirt_augmented/000031_aug_11.jpg,0
ironed_white_shirt_augmented/000031_aug_12.jpg,0
ironed_white_shirt_augmented/000031_aug_13.jpg,0
ironed_white_shirt_augmented/000031_aug_14.jpg,0
ironed_white_shirt_augmented/000031_aug_15.jpg,0
ironed_white_shirt_augmented/000031_aug_16.jpg,0
ironed_white_shirt_augmented/000031_aug_17.jpg,0
ironed_white_shirt_augmented/000031_aug_18.jpg,0
ironed_white_shirt_augmented/000031_aug_19.jpg,0
ironed_white_shirt_augmented/000031_aug_20.jpg,0
ironed_white_shirt_augmented/000031_aug_21.jpg,0
ironed_white_shirt_augmented/000031_aug_22.jpg,0
ironed_white_shirt_augmented/000032_aug_00.jpg,0
ironed_white_shirt_augmented/000032_aug_01.jpg,0
ironed_white_shirt_augmented/000032_aug_02.jpg,0
ironed_white_shirt_augmented/000032_aug_03.jpg,0
ironed_white_shirt_augmented/000032_aug_04.jpg,0
ironed_white_shirt_augmented/000032_aug_05.jpg,0
ironed_white_shirt_augmented/000032_aug_06.jpg,0
ironed_white_shirt_augmented/000032_aug_07.jpg,0
ironed_white_shirt_augmented/000032_aug_08.jpg,0
ironed_white_shirt_augmented/000032_aug_09.jpg,0
ironed_white_shirt_augmented/000032_aug_10.jpg,0
ironed_white_shirt_augmented/000032_aug_11.jpg,0
ironed_white_shirt_augmented/000032_aug_12.jpg,0
ironed_white_shirt_augmented/000032_aug_13.jpg,0
ironed_white_shirt_augmented/000032_aug_14.jpg,0
ironed_white_shirt_augmented/000032_aug_15.jpg,0
ironed_white_shirt_augmented/000032_aug_16.jpg,0
ironed_white_shirt_augmented/000032_aug_17.jpg,0
ironed_white_shirt_augmented/000032_aug_18.jpg,0
ironed_white_shirt_augmented/000032_aug_19.jpg,0
ironed_white_shirt_augmented/000032_aug_20.jpg,0
ironed_white_shirt_augmented/000032_aug_21.jpg,0
ironed_white_shirt_augmented/000032_aug_22.jpg,0
ironed_white_shirt_augmented/000033_aug_00.jpg,0
ironed_white_shirt_augmented/000033_aug_01.jpg,0
ironed_white_shirt_augmented/000033_aug_02.jpg,0
ironed_white_shirt_augmented/000033_aug_03.jpg,0
ironed_white_shirt_augmented/000033_aug_04.jpg,0
ironed_white_shirt_augmented/000033_aug_05.jpg,0
ironed_white_shirt_augmented/000033_aug_06.jpg,0
ironed_white_shirt_augmented/000033_aug_07.jpg,0
ironed_white_shirt_augmented/000033_aug_08.jpg,0
ironed_white_shirt_augmented/000033_aug_09.jpg,0
ironed_white_shirt_augmented/000033_aug_10.jpg,0
ironed_white_shirt_augmented/000033_aug_11.jpg,0
ironed_white_shirt_augmented/000033_aug_12.jpg,0
ironed_white_shirt_augmented/000033_aug_13.jpg,0
ironed_white_shirt_augmented/000033_aug_14.jpg,0
ironed_white_shirt_augmented/000033_aug_15.jpg,0
ironed_white_shirt_augmented/000033_aug_16.jpg,0
ironed_white_shirt_augmented/000033_aug_17.jpg,0
ironed_white_shirt_augmented/000033_aug_18.jpg,0
ironed_white_shirt_augmented/000033_aug_19.jpg,0
ironed_white_shirt_augmented/000033_aug_20.jpg,0
ironed_white_shirt_augmented/000033_aug_21.jpg,0
ironed_white_shirt_augmented/000033_aug_22.jpg,0
ironed_white_shirt_augmented/000034_aug_00.jpg,0
ironed_white_shirt_augmented/000034_aug_01.jpg,0
ironed_white_shirt_augmented/000034_aug_02.jpg,0
ironed_white_shirt_augmented/000034_aug_03.jpg,0
ironed_white_shirt_augmented/000034_aug_04.jpg,0
ironed_white_shirt_augmented/000034_aug_05.jpg,0
ironed_white_shirt_augmented/000034_aug_06.jpg,0
ironed_white_shirt_augmented/000034_aug_07.jpg,0
ironed_white_shirt_augmented/000034_aug_08.jpg,0
ironed_white_shirt_augmented/000034_aug_09.jpg,0
ironed_white_shirt_augmented/000034_aug_10.jpg,0
ironed_white_shirt_augmented/000034_aug_11.jpg,0
ironed_white_shirt_augmented/000034_aug_12.jpg,0
ironed_white_shirt_augmented/000034_aug_13.jpg,0
ironed_white_shirt_augmented/000034_aug_14.jpg,0
ironed_white_shirt_augmented/000034_aug_15.jpg,0
ironed_white_shirt_augmented/000034_aug_16.jpg,0
ironed_white_shirt_augmented/000034_aug_17.jpg,0
ironed_white_shirt_augmented/000034_aug_18.jpg,0
ironed_white_shirt_augmented/000034_aug_19.jpg,0
ironed_white_shirt_augmented/000034_aug_20.jpg,0
ironed_white_shirt_augmented/000034_aug_21.jpg,0
ironed_white_shirt_augmented/000034_aug_22.jpg,0
ironed_white_shirt_augmented/000035_aug_00.jpg,0
ironed_white_shirt_augmented/000035_aug_01.jpg,0
ironed_white_shirt_augmented/000035_aug_02.jpg,0
ironed_white_shirt_augmented/000035_aug_03.jpg,0
ironed_white_shirt_augmented/000035_aug_04.jpg,0
ironed_white_shirt_augmented/000035_aug_05.jpg,0
ironed_white_shirt_augmented/000035_aug_06.jpg,0
ironed_white_shirt_augmented/000035_aug_07.jpg,0
ironed_white_shirt_augmented/000035_aug_08.jpg,0
ironed_white_shirt_augmented/000035_aug_09.jpg,0
ironed_white_shirt_augmented/000035_aug_10.jpg,0
ironed_white_shirt_augmented/000035_aug_11.jpg,0
ironed_white_shirt_augmented/000035_aug_12.jpg,0
ironed_white_shirt_augmented/000035_aug_13.jpg,0
ironed_white_shirt_augmented/000035_aug_14.jpg,0
ironed_white_shirt_augmented/000035_aug_15.jpg,0
ironed_white_shirt_augmented/000035_aug_16.jpg,0
ironed_white_shirt_augmented/000035_aug_17.jpg,0
ironed_white_shirt_augmented/000035_aug_18.jpg,0
ironed_white_shirt_augmented/000035_aug_19.jpg,0
ironed_white_shirt_augmented/000035_aug_20.jpg,0
ironed_white_shirt_augmented/000035_aug_21.jpg,0
ironed_white_shirt_augmented/000035_aug_22.jpg,0
ironed_white_shirt_augmented/000036_aug_00.jpg,0
ironed_white_shirt_augmented/000036_aug_01.jpg,0
ironed_white_shirt_augmented/000036_aug_02.jpg,0
ironed_white_shirt_augmented/000036_aug_03.jpg,0
ironed_white_shirt_augmented/000036_aug_04.jpg,0
ironed_white_shirt_augmented/000036_aug_05.jpg,0
ironed_white_shirt_augmented/000036_aug_06.jpg,0
ironed_white_shirt_augmented/000036_aug_07.jpg,0
ironed_white_shirt_augmented/000036_aug_08.jpg,0
ironed_white_shirt_augmented/000036_aug_09.jpg,0
ironed_white_shirt_augmented/000036_aug_10.jpg,0
ironed_white_shirt_augmented/000036_aug_11.jpg,0
ironed_white_shirt_augmented/000036_aug_12.jpg,0
ironed_white_shirt_augmented/000036_aug_13.jpg,0
ironed_white_shirt_augmented/000036_aug_14.jpg,0
ironed_white_shirt_augmented/000036_aug_15.jpg,0
ironed_white_shirt_augmented/000036_aug_16.jpg,0
ironed_white_shirt_augmented/000036_aug_17.jpg,0
ironed_white_shirt_augmented/000036_aug_18.jpg,0
ironed_white_shirt_augmented/000036_aug_19.jpg,0
ironed_white_shirt_augmented/000036_aug_20.jpg,0
ironed_white_shirt_augmented/000036_aug_21.jpg,0
ironed_white_shirt_augmented/000036_aug_22.jpg,0
ironed_white_shirt_augmented/000037_aug_00.jpg,0
ironed_white_shirt_augmented/000037_aug_01.jpg,0
ironed_white_shirt_augmented/000037_aug_02.jpg,0
ironed_white_shirt_augmented/000037_aug_03.jpg,0
ironed_white_shirt_augmented/000037_aug_04.jpg,0
ironed_white_shirt_augmented/000037_aug_05.jpg,0
ironed_white_shirt_augmented/000037_aug_06.jpg,0
ironed_white_shirt_augmented/000037_aug_07.jpg,0
ironed_white_shirt_augmented/000037_aug_08.jpg,0
ironed_white_shirt_augmented/000037_aug_09.jpg,0
ironed_white_shirt_augmented/000037_aug_10.jpg,0
ironed_white_shirt_augmented/000037_aug_11.jpg,0
ironed_white_shirt_augmented/000037_aug_12.jpg,0
ironed_white_shirt_augmented/000037_aug_13.jpg,0
ironed_white_shirt_augmented/000037_aug_14.jpg,0
ironed_white_shirt_augmented/000037_aug_15.jpg,0
ironed_white_shirt_augmented/000037_aug_16.jpg,0
ironed_white_shirt_augmented/000037_aug_17.jpg,0
ironed_white_shirt_augmented/000037_aug_18.jpg,0
ironed_white_shirt_augmented/000037_aug_19.jpg,0
ironed_white_shirt_augmented/000037_aug_20.jpg,0
ironed_white_shirt_augmented/000037_aug_21.jpg,0
ironed_white_shirt_augmented/000037_aug_22.jpg,0
ironed_white_shirt_augmented/000038_aug_00.jpg,0
ironed_white_shirt_augmented/000038_aug_01.jpg,0
ironed_white_shirt_augmented/000038_aug_02.jpg,0
ironed_white_shirt_augmented/000038_aug_03.jpg,0
ironed_white_shirt_augmented/000038_aug_04.jpg,0
ironed_white_shirt_augmented/000038_aug_05.jpg,0
ironed_white_shirt_augmented/000038_aug_06.jpg,0
ironed_white_shirt_augmented/000038_aug_07.jpg,0
ironed_white_shirt_augmented/000038_aug_08.jpg,0
ironed_white_shirt_augmented/000038_aug_09.jpg,0
ironed_white_shirt_augmented/000038_aug_10.jpg,0
ironed_white_shirt_augmented/000038_aug_11.jpg,0
ironed_white_shirt_augmented/000038_aug_12.jpg,0
ironed_white_shirt_augmented/000038_aug_13.jpg,0
ironed_white_shirt_augmented/000038_aug_14.jpg,0
ironed_white_shirt_augmented/000038_aug_15.jpg,0
ironed_white_shirt_augmented/000038_aug_16.jpg,0
ironed_white_shirt_augmented/000038_aug_17.jpg,0
ironed_white_shirt_augmented/000038_aug_18.jpg,0
ironed_white_shirt_augmented/000038_aug_19.jpg,0
ironed_white_shirt_augmented/000038_aug_20.jpg,0
ironed_white_shirt_augmented/000038_aug_21.jpg,0
ironed_white_shirt_augmented/000038_aug_22.jpg,0
ironed_white_shirt_augmented/000039_aug_00.jpg,0
ironed_white_shirt_augmented/000039_aug_01.jpg,0
ironed_white_shirt_augmented/000039_aug_02.jpg,0
ironed_white_shirt_augmented/000039_aug_03.jpg,0
ironed_white_shirt_augmented/000039_aug_04.jpg,0
ironed_white_shirt_augmented/000039_aug_05.jpg,0
ironed_white_shirt_augmented/000039_aug_06.jpg,0
ironed_white_shirt_augmented/000039_aug_07.jpg,0
ironed_white_shirt_augmented/000039_aug_08.jpg,0
ironed_white_shirt_augmented/000039_aug_09.jpg,0
ironed_white_shirt_augmented/000039_aug_10.jpg,0
ironed_white_shirt_augmented/000039_aug_11.jpg,0
ironed_white_shirt_augmented/000039_aug_12.jpg,0
ironed_white_shirt_augmented/000039_aug_13.jpg,0
ironed_white_shirt_augmented/000039_aug_14.jpg,0
ironed_white_shirt_augmented/000039_aug_15.jpg,0
ironed_white_shirt_augmented/000039_aug_16.jpg,0
ironed_white_shirt_augmented/000039_aug_17.jpg,0
ironed_white_shirt_augmented/000039_aug_18.jpg,0
ironed_white_shirt_augmented/000039_aug_19.jpg,0
ironed_white_shirt_augmented/000039_aug_20.jpg,0
ironed_white_shirt_augmented/000039_aug_21.jpg,0
ironed_white_shirt_augmented/000039_aug_22.jpg,0
ironed_white_shirt_augmented/000040_aug_00.jpg,0
ironed_white_shirt_augmented/000040_aug_01.jpg,0
ironed_white_shirt_augmented/000040_aug_02.jpg,0
ironed_white_shirt_augmented/000040_aug_03.jpg,0
ironed_white_shirt_augmented/000040_aug_04.jpg,0
ironed_white_shirt_augmented/000040_aug_05.jpg,0
ironed_white_shirt_augmented/000040_aug_06.jpg,0
ironed_white_shirt_augmented/000040_aug_07.jpg,0
ironed_white_shirt_augmented/000040_aug_08.jpg,0
ironed_white_shirt_augmented/000040_aug_09.jpg,0
ironed_white_shirt_augmented/000040_aug_10.jpg,0
ironed_white_shirt_augmented/000040_aug_11.jpg,0
ironed_white_shirt_augmented/000040_aug_12.jpg,0
ironed_white_shirt_augmented/000040_aug_13.jpg,0
ironed_white_shirt_augmented/000040_aug_14.jpg,0
ironed_white_shirt_augmented/000040_aug_15.jpg,0
ironed_white_shirt_augmented/000040_aug_16.jpg,0
ironed_white_shirt_augmented/000040_aug_17.jpg,0
ironed_white_shirt_augmented/000040_aug_18.jpg,0
ironed_white_shirt_augmented/000040_aug_19.jpg,0
ironed_white_shirt_augmented/000040_aug_20.jpg,0
ironed_white_shirt_augmented/000040_aug_21.jpg,0
ironed_white_shirt_augmented/000040_aug_22.jpg,0
ironed_white_shirt_augmented/000041_aug_00.jpg,0
ironed_white_shirt_augmented/000041_aug_01.jpg,0
ironed_white_shirt_augmented/000041_aug_02.jpg,0
ironed_white_shirt_augmented/000041_aug_03.jpg,0
ironed_white_shirt_augmented/000041_aug_04.jpg,0
ironed_white_shirt_augmented/000041_aug_05.jpg,0
ironed_white_shirt_augmented/000041_aug_06.jpg,0
ironed_white_shirt_augmented/000041_aug_07.jpg,0
ironed_white_shirt_augmented/000041_aug_08.jpg,0
ironed_white_shirt_augmented/000041_aug_09.jpg,0
ironed_white_shirt_augmented/000041_aug_10.jpg,0
ironed_white_shirt_augmented/000041_aug_11.jpg,0
ironed_white_shirt_augmented/000041_aug_12.jpg,0
ironed_white_shirt_augmented/000041_aug_13.jpg,0
ironed_white_shirt_augmented/000041_aug_14.jpg,0
ironed_white_shirt_augmented/000041_aug_15.jpg,0
ironed_white_shirt_augmented/000041_aug_16.jpg,0
ironed_white_shirt_augmented/000041_aug_17.jpg,0
ironed_white_shirt_augmented/000041_aug_18.jpg,0
ironed_white_shirt_augmented/000041_aug_19.jpg,0
ironed_white_shirt_augmented/000041_aug_20.jpg,0
ironed_white_shirt_augmented/000041_aug_21.jpg,0
ironed_white_shirt_augmented/000041_aug_22.jpg,0
ironed_white_shirt_augmented/000042_aug_00.jpg,0
ironed_white_shirt_augmented/000042_aug_01.jpg,0
ironed_white_shirt_augmented/000042_aug_02.jpg,0
ironed_white_shirt_augmented/000042_aug_03.jpg,0
ironed_white_shirt_augmented/000042_aug_04.jpg,0
ironed_white_shirt_augmented/000042_aug_05.jpg,0
ironed_white_shirt_augmented/000042_aug_06.jpg,0
ironed_white_shirt_augmented/000042_aug_07.jpg,0
ironed_white_shirt_augmented/000042_aug_08.jpg,0
ironed_white_shirt_augmented/000042_aug_09.jpg,0
ironed_white_shirt_augmented/000042_aug_10.jpg,0
ironed_white_shirt_augmented/000042_aug_11.jpg,0
ironed_white_shirt_augmented/000042_aug_12.jpg,0
ironed_white_shirt_augmented/000042_aug_13.jpg,0
ironed_white_shirt_augmented/000042_aug_14.jpg,0
ironed_white_shirt_augmented/000042_aug_15.jpg,0
ironed_white_shirt_augmented/000042_aug_16.jpg,0
ironed_white_shirt_augmented/000042_aug_17.jpg,0
ironed_white_shirt_augmented/000042_aug_18.jpg,0
ironed_white_shirt_augmented/000042_aug_19.jpg,0
ironed_white_shirt_augmented/000042_aug_20.jpg,0
ironed_white_shirt_augmented/000042_aug_21.jpg,0
ironed_white_shirt_augmented/000042_aug_22.jpg,0
ironed_white_shirt_augmented/000043_aug_00.jpg,0
ironed_white_shirt_augmented/000043_aug_01.jpg,0
ironed_white_shirt_augmented/000043_aug_02.jpg,0
ironed_white_shirt_augmented/000043_aug_03.jpg,0
ironed_white_shirt_augmented/000043_aug_04.jpg,0
ironed_white_shirt_augmented/000043_aug_05.jpg,0
ironed_white_shirt_augmented/000043_aug_06.jpg,0
ironed_white_shirt_augmented/000043_aug_07.jpg,0
ironed_white_shirt_augmented/000043_aug_08.jpg,0
ironed_white_shirt_augmented/000043_aug_09.jpg,0
ironed_white_shirt_augmented/000043_aug_10.jpg,0
ironed_white_shirt_augmented/000043_aug_11.jpg,0
ironed_white_shirt_augmented/000043_aug_12.jpg,0
ironed_white_shirt_augmented/000043_aug_13.jpg,0
ironed_white_shirt_augmented/000043_aug_14.jpg,0
ironed_white_shirt_augmented/000043_aug_15.jpg,0
ironed_white_shirt_augmented/000043_aug_16.jpg,0
ironed_white_shirt_augmented/000043_aug_17.jpg,0
ironed_white_shirt_augmented/000043_aug_18.jpg,0
ironed_white_shirt_augmented/000043_aug_19.jpg,0
ironed_white_shirt_augmented/000043_aug_20.jpg,0
ironed_white_shirt_augmented/000043_aug_21.jpg,0
ironed_white_shirt_augmented/000043_aug_22.jpg,0
ironed_white_shirt_augmented/000044_aug_00.jpg,0
ironed_white_shirt_augmented/000044_aug_01.jpg,0
ironed_white_shirt_augmented/000044_aug_02.jpg,0
ironed_white_shirt_augmented/000044_aug_03.jpg,0
ironed_white_shirt_augmented/000044_aug_04.jpg,0
ironed_white_shirt_augmented/000044_aug_05.jpg,0
ironed_white_shirt_augmented/000044_aug_06.jpg,0
ironed_white_shirt_augmented/000044_aug_07.jpg,0
ironed_white_shirt_augmented/000044_aug_08.jpg,0
ironed_white_shirt_augmented/000044_aug_09.jpg,0
ironed_white_shirt_augmented/000044_aug_10.jpg,0
ironed_white_shirt_augmented/000044_aug_11.jpg,0
ironed_white_shirt_augmented/000044_aug_12.jpg,0
ironed_white_shirt_augmented/000044_aug_13.jpg,0
ironed_white_shirt_augmented/000044_aug_14.jpg,0
ironed_white_shirt_augmented/000044_aug_15.jpg,0
ironed_white_shirt_augmented/000044_aug_16.jpg,0
ironed_white_shirt_augmented/000044_aug_17.jpg,0
ironed_white_shirt_augmented/000044_aug_18.jpg,0
ironed_white_shirt_augmented/000044_aug_19.jpg,0
ironed_white_shirt_augmented/000044_aug_20.jpg,0
ironed_white_shirt_augmented/000044_aug_21.jpg,0
ironed_white_shirt_augmented/000044_aug_22.jpg,0
ironed_white_shirt_augmented/000045_aug_00.jpg,0
ironed_white_shirt_augmented/000045_aug_01.jpg,0
ironed_white_shirt_augmented/000045_aug_02.jpg,0
ironed_white_shirt_augmented/000045_aug_03.jpg,0
ironed_white_shirt_augmented/000045_aug_04.jpg,0
ironed_white_shirt_augmented/000045_aug_05.jpg,0
ironed_white_shirt_augmented/000045_aug_06.jpg,0
ironed_white_shirt_augmented/000045_aug_07.jpg,0
ironed_white_shirt_augmented/000045_aug_08.jpg,0
ironed_white_shirt_augmented/000045_aug_09.jpg,0
ironed_white_shirt_augmented/000045_aug_10.jpg,0
ironed_white_shirt_augmented/000045_aug_11.jpg,0
ironed_white_shirt_augmented/000045_aug_12.jpg,0
ironed_white_shirt_augmented/000045_aug_13.jpg,0
ironed_white_shirt_augmented/000045_aug_14.jpg,0
ironed_white_shirt_augmented/000045_aug_15.jpg,0
ironed_white_shirt_augmented/000045_aug_16.jpg,0
ironed_white_shirt_augmented/000045_aug_17.jpg,0
ironed_white_shirt_augmented/000045_aug_18.jpg,0
ironed_white_shirt_augmented/000045_aug_19.jpg,0
ironed_white_shirt_augmented/000045_aug_20.jpg,0
ironed_white_shirt_augmented/000045_aug_21.jpg,0
ironed_white_shirt_augmented/000045_aug_22.jpg,0
ironed_white_shirt_augmented/000046_aug_00.jpg,0
ironed_white_shirt_augmented/000046_aug_01.jpg,0
ironed_white_shirt_augmented/000046_aug_02.jpg,0
ironed_white_shirt_augmented/000046_aug_03.jpg,0
ironed_white_shirt_augmented/000046_aug_04.jpg,0
ironed_white_shirt_augmented/000046_aug_05.jpg,0
ironed_white_shirt_augmented/000046_aug_06.jpg,0
ironed_white_shirt_augmented/000046_aug_07.jpg,0
ironed_white_shirt_augmented/000046_aug_08.jpg,0
ironed_white_shirt_augmented/000046_aug_09.jpg,0
ironed_white_shirt_augmented/000046_aug_10.jpg,0
ironed_white_shirt_augmented/000046_aug_11.jpg,0
ironed_white_shirt_augmented/000046_aug_12.jpg,0
ironed_white_shirt_augmented/000046_aug_13.jpg,0
ironed_white_shirt_augmented/000046_aug_14.jpg,0
ironed_white_shirt_augmented/000046_aug_15.jpg,0
ironed_white_shirt_augmented/000046_aug_16.jpg,0
ironed_white_shirt_augmented/000046_aug_17.jpg,0
ironed_white_shirt_augmented/000046_aug_18.jpg,0
ironed_white_shirt_augmented/000046_aug_19.jpg,0
ironed_white_shirt_augmented/000046_aug_20.jpg,0
ironed_white_shirt_augmented/000046_aug_21.jpg,0
ironed_white_shirt_augmented/000046_aug_22.jpg,0
ironed_white_shirt_augmented/000047_aug_00.jpg,0
ironed_white_shirt_augmented/000047_aug_01.jpg,0
ironed_white_shirt_augmented/000047_aug_02.jpg,0
ironed_white_shirt_augmented/000047_aug_03.jpg,0
ironed_white_shirt_augmented/000047_aug_04.jpg,0
ironed_white_shirt_augmented/000047_aug_05.jpg,0
ironed_white_shirt_augmented/000047_aug_06.jpg,0
ironed_white_shirt_augmented/000047_aug_07.jpg,0
ironed_white_shirt_augmented/000047_aug_08.jpg,0
ironed_white_shirt_augmented/000047_aug_09.jpg,0
ironed_white_shirt_augmented/000047_aug_10.jpg,0
ironed_white_shirt_augmented/000047_aug_11.jpg,0
ironed_white_shirt_augmented/000047_aug_12.jpg,0
ironed_white_shirt_augmented/000047_aug_13.jpg,0
ironed_white_shirt_augmented/000047_aug_14.jpg,0
ironed_white_shirt_augmented/000047_aug_15.jpg,0
ironed_white_shirt_augmented/000047_aug_16.jpg,0
ironed_white_shirt_augmented/000047_aug_17.jpg,0
ironed_white_shirt_augmented/000047_aug_18.jpg,0
ironed_white_shirt_augmented/000047_aug_19.jpg,0
ironed_white_shirt_augmented/000047_aug_20.jpg,0
ironed_white_shirt_augmented/000047_aug_21.jpg,0
ironed_white_shirt_augmented/000047_aug_22.jpg,0
ironed_white_shirt_augmented/000048_aug_00.jpg,0
ironed_white_shirt_augmented/000048_aug_01.jpg,0
ironed_white_shirt_augmented/000048_aug_02.jpg,0
ironed_white_shirt_augmented/000048_aug_03.jpg,0
ironed_white_shirt_augmented/000048_aug_04.jpg,0
ironed_white_shirt_augmented/000048_aug_05.jpg,0
ironed_white_shirt_augmented/000048_aug_06.jpg,0
ironed_white_shirt_augmented/000048_aug_07.jpg,0
ironed_white_shirt_augmented/000048_aug_08.jpg,0
ironed_white_shirt_augmented/000048_aug_09.jpg,0
ironed_white_shirt_augmented/000048_aug_10.jpg,0
ironed_white_shirt_augmented/000048_aug_11.jpg,0
ironed_white_shirt_augmented/000048_aug_12.jpg,0
ironed_white_shirt_augmented/000048_aug_13.jpg,0
ironed_white_shirt_augmented/000048_aug_14.jpg,0
ironed_white_shirt_augmented/000048_aug_15.jpg,0
ironed_white_shirt_augmented/000048_aug_16.jpg,0
ironed_white_shirt_augmented/000048_aug_17.jpg,0
ironed_white_shirt_augmented/000048_aug_18.jpg,0
ironed_white_shirt_augmented/000048_aug_19.jpg,0
ironed_white_shirt_augmented/000048_aug_20.jpg,0
ironed_white_shirt_augmented/000048_aug_21.jpg,0
ironed_white_shirt_augmented/000048_aug_22.jpg,0
ironed_white_shirt_augmented/000049_aug_00.jpg,0
ironed_white_shirt_augmented/000049_aug_01.jpg,0
ironed_white_shirt_augmented/000049_aug_02.jpg,0
ironed_white_shirt_augmented/000049_aug_03.jpg,0
ironed_white_shirt_augmented/000049_aug_04.jpg,0
ironed_white_shirt_augmented/000049_aug_05.jpg,0
ironed_white_shirt_augmented/000049_aug_06.jpg,0
ironed_white_shirt_augmented/000049_aug_07.jpg,0
ironed_white_shirt_augmented/000049_aug_08.jpg,0
ironed_white_shirt_augmented/000049_aug_09.jpg,0
ironed_white_shirt_augmented/000049_aug_10.jpg,0
ironed_white_shirt_augmented/000049_aug_11.jpg,0
ironed_white_shirt_augmented/000049_aug_12.jpg,0
ironed_white_shirt_augmented/000049_aug_13.jpg,0
ironed_white_shirt_augmented/000049_aug_14.jpg,0
ironed_white_shirt_augmented/000049_aug_15.jpg,0
ironed_white_shirt_augmented/000049_aug_16.jpg,0
ironed_white_shirt_augmented/000049_aug_17.jpg,0
ironed_white_shirt_augmented/000049_aug_18.jpg,0
ironed_white_shirt_augmented/000049_aug_19.jpg,0
ironed_white_shirt_augmented/000049_aug_20.jpg,0
ironed_white_shirt_augmented/000049_aug_21.jpg,0
ironed_white_shirt_augmented/000049_aug_22.jpg,0
ironed_white_shirt_augmented/000050_aug_00.jpg,0
ironed_white_shirt_augmented/000050_aug_01.jpg,0
ironed_white_shirt_augmented/000050_aug_02.jpg,0
ironed_white_shirt_augmented/000050_aug_03.jpg,0
ironed_white_shirt_augmented/000050_aug_04.jpg,0
ironed_white_shirt_augmented/000050_aug_05.jpg,0
ironed_white_shirt_augmented/000050_aug_06.jpg,0
ironed_white_shirt_augmented/000050_aug_07.jpg,0
ironed_white_shirt_augmented/000050_aug_08.jpg,0
ironed_white_shirt_augmented/000050_aug_09.jpg,0
ironed_white_shirt_augmented/000050_aug_10.jpg,0
ironed_white_shirt_augmented/000050_aug_11.jpg,0
ironed_white_shirt_augmented/000050_aug_12.jpg,0
ironed_white_shirt_augmented/000050_aug_13.jpg,0
ironed_white_shirt_augmented/000050_aug_14.jpg,0
ironed_white_shirt_augmented/000050_aug_15.jpg,0
ironed_white_shirt_augmented/000050_aug_16.jpg,0
ironed_white_shirt_augmented/000050_aug_17.jpg,0
ironed_white_shirt_augmented/000050_aug_18.jpg,0
ironed_white_shirt_augmented/000050_aug_19.jpg,0
ironed_white_shirt_augmented/000050_aug_20.jpg,0
ironed_white_shirt_augmented/000050_aug_21.jpg,0
ironed_white_shirt_augmented/000050_aug_22.jpg,0
wrinkled_white_shirt/000001.jpg,1
wrinkled_white_shirt/000002.jpg,1
wrinkled_white_shirt/000003.jpg,1
wrinkled_white_shirt/000004.jpg,1
wrinkled_white_shirt/000005.jpg,1
wrinkled_white_shirt/000006.jpg,1
wrinkled_white_shirt/000007.jpg,1
wrinkled_white_shirt/000008.jpg,1
wrinkled_white_shirt/000009.jpg,1
wrinkled_white_shirt/000010.jpg,1
wrinkled_white_shirt/000011.jpg,1
wrinkled_white_shirt/000012.jpg,1
wrinkled_white_shirt/000013.jpg,1
wrinkled_white_shirt/000014.jpg,1
wrinkled_white_shirt/000015.jpg,1
wrinkled_white_shirt/000016.jpg,1
wrinkled_white_shirt/000017.jpg,1
wrinkled_white_shirt/000018.jpg,1
wrinkled_white_shirt/000019.jpg,1
wrinkled_white_shirt/000020.jpg,1
wrinkled_white_shirt/000021.jpg,1
wrinkled_white_shirt/000022.jpg,1
wrinkled_white_shirt/000023.jpg,1
wrinkled_white_shirt/000024.jpg,1
wrinkled_white_shirt/000025.jpg,1
wrinkled_white_shirt/000026.jpg,1
wrinkled_white_shirt/000027.jpg,1
wrinkled_white_shirt/000028.jpg,1
wrinkled_white_shirt/000029.jpg,1
wrinkled_white_shirt/000030.jpg,1
wrinkled_white_shirt/000031.jpg,1
wrinkled_white_shirt/000032.jpg,1
wrinkled_white_shirt/000033.jpg,1
wrinkled_white_shirt/000034.jpg,1
wrinkled_white_shirt/000035.jpg,1
wrinkled_white_shirt/000036.jpg,1
wrinkled_white_shirt/000037.jpg,1
wrinkled_white_shirt/000038.jpg,1
wrinkled_white_shirt/000039.jpg,1
wrinkled_white_shirt/000040.jpg,1
wrinkled_white_shirt/000041.jpg,1
wrinkled_white_shirt/000042.jpg,1
wrinkled_white_shirt/000043.jpg,1
wrinkled_white_shirt/000044.jpg,1
wrinkled_white_shirt/000045.jpg,1
wrinkled_white_shirt/000046.jpg,1
wrinkled_white_shirt/000047.jpg,1
wrinkled_white_shirt/000048.jpg,1
wrinkled_white_shirt/000049.jpg,1
wrinkled_white_shirt/000050.jpg,1
wrinkled_white_shirt_augmented/000001_aug_00.jpg,1
wrinkled_white_shirt_augmented/000001_aug_01.jpg,1
wrinkled_white_shirt_augmented/000001_aug_02.jpg,1
wrinkled_white_shirt_augmented/000001_aug_03.jpg,1
wrinkled_white_shirt_augmented/000001_aug_04.jpg,1
wrinkled_white_shirt_augmented/000001_aug_05.jpg,1
wrinkled_white_shirt_augmented/000001_aug_06.jpg,1
wrinkled_white_shirt_augmented/000001_aug_07.jpg,1
wrinkled_white_shirt_augmented/000001_aug_08.jpg,1
wrinkled_white_shirt_augmented/000001_aug_09.jpg,1
wrinkled_white_shirt_augmented/000001_aug_10.jpg,1
wrinkled_white_shirt_augmented/000001_aug_11.jpg,1
wrinkled_white_shirt_augmented/000001_aug_12.jpg,1
wrinkled_white_shirt_augmented/000001_aug_13.jpg,1
wrinkled_white_shirt_augmented/000001_aug_14.jpg,1
wrinkled_white_shirt_augmented/000001_aug_15.jpg,1
wrinkled_white_shirt_augmented/000001_aug_16.jpg,1
wrinkled_white_shirt_augmented/000001_aug_17.jpg,1
wrinkled_white_shirt_augmented/000001_aug_18.jpg,1
wrinkled_white_shirt_augmented/000001_aug_19.jpg,1
wrinkled_white_shirt_augmented/000001_aug_20.jpg,1
wrinkled_white_shirt_augmented/000001_aug_21.jpg,1
wrinkled_white_shirt_augmented/000001_aug_22.jpg,1
wrinkled_white_shirt_augmented/000002_aug_00.jpg,1
wrinkled_white_shirt_augmented/000002_aug_01.jpg,1
wrinkled_white_shirt_augmented/000002_aug_02.jpg,1
wrinkled_white_shirt_augmented/000002_aug_03.jpg,1
wrinkled_white_shirt_augmented/000002_aug_04.jpg,1
wrinkled_white_shirt_augmented/000002_aug_05.jpg,1
wrinkled_white_shirt_augmented/000002_aug_06.jpg,1
wrinkled_white_shirt_augmented/000002_aug_07.jpg,1
wrinkled_white_shirt_augmented/000002_aug_08.jpg,1
wrinkled_white_shirt_augmented/000002_aug_09.jpg,1
wrinkled_white_shirt_augmented/000002_aug_10.jpg,1
wrinkled_white_shirt_augmented/000002_aug_11.jpg,1
wrinkled_white_shirt_augmented/000002_aug_12.jpg,1
wrinkled_white_shirt_augmented/000002_aug_13.jpg,1
wrinkled_white_shirt_augmented/000002_aug_14.jpg,1
wrinkled_white_shirt_augmented/000002_aug_15.jpg,1
wrinkled_white_shirt_augmented/000002_aug_16.jpg,1
wrinkled_white_shirt_augmented/000002_aug_17.jpg,1
wrinkled_white_shirt_augmented/000002_aug_18.jpg,1
wrinkled_white_shirt_augmented/000002_aug_19.jpg,1
wrinkled_white_shirt_augmented/000002_aug_20.jpg,1
wrinkled_white_shirt_augmented/000002_aug_21.jpg,1
wrinkled_white_shirt_augmented/000002_aug_22.jpg,1
wrinkled_white_shirt_augmented/000003_aug_00.jpg,1
wrinkled_white_shirt_augmented/000003_aug_01.jpg,1
wrinkled_white_shirt_augmented/000003_aug_02.jpg,1
wrinkled_white_shirt_augmented/000003_aug_03.jpg,1
wrinkled_white_shirt_augmented/000003_aug_04.jpg,1
wrinkled_white_shirt_augmented/000003_aug_05.jpg,1
wrinkled_white_shirt_augmented/000003_aug_06.jpg,1
wrinkled_white_shirt_augmented/000003_aug_07.jpg,1
wrinkled_white_shirt_augmented/000003_aug_08.jpg,1
wrinkled_white_shirt_augmented/000003_aug_09.jpg,1
wrinkled_white_shirt_augmented/000003_aug_10.jpg,1
wrinkled_white_shirt_augmented/000003_aug_11.jpg,1
wrinkled_white_shirt_augmented/000003_aug_12.jpg,1
wrinkled_white_shirt_augmented/000003_aug_13.jpg,1
wrinkled_white_shirt_augmented/000003_aug_14.jpg,1
wrinkled_white_shirt_augmented/000003_aug_15.jpg,1
wrinkled_white_shirt_augmented/000003_aug_16.jpg,1
wrinkled_white_shirt_augmented/000003_aug_17.jpg,1
wrinkled_white_shirt_augmented/000003_aug_18.jpg,1
wrinkled_white_shirt_augmented/000003_aug_19.jpg,1
wrinkled_white_shirt_augmented/000003_aug_20.jpg,1
wrinkled_white_shirt_augmented/000003_aug_21.jpg,1
wrinkled_white_shirt_augmented/000003_aug_22.jpg,1
wrinkled_white_shirt_augmented/000004_aug_00.jpg,1
wrinkled_white_shirt_augmented/000004_aug_01.jpg,1
wrinkled_white_shirt_augmented/000004_aug_02.jpg,1
wrinkled_white_shirt_augmented/000004_aug_03.jpg,1
wrinkled_white_shirt_augmented/000004_aug_04.jpg,1
wrinkled_white_shirt_augmented/000004_aug_05.jpg,1
wrinkled_white_shirt_augmented/000004_aug_06.jpg,1
wrinkled_white_shirt_augmented/000004_aug_07.jpg,1
wrinkled_white_shirt_augmented/000004_aug_08.jpg,1
wrinkled_white_shirt_augmented/000004_aug_09.jpg,1
wrinkled_white_shirt_augmented/000004_aug_10.jpg,1
wrinkled_white_shirt_augmented/000004_aug_11.jpg,1
wrinkled_white_shirt_augmented/000004_aug_12.jpg,1
wrinkled_white_shirt_augmented/000004_aug_13.jpg,1
wrinkled_white_shirt_augmented/000004_aug_14.jpg,1
wrinkled_white_shirt_augmented/000004_aug_15.jpg,1
wrinkled_white_shirt_augmented/000004_aug_16.jpg,1
wrinkled_white_shirt_augmented/000004_aug_17.jpg,1
wrinkled_white_shirt_augmented/000004_aug_18.jpg,1
wrinkled_white_shirt_augmented/000004_aug_19.jpg,1
wrinkled_white_shirt_augmented/000004_aug_20.jpg,1
wrinkled_white_shirt_augmented/000004_aug_21.jpg,1
wrinkled_white_shirt_augmented/000004_aug_22.jpg,1
wrinkled_white_shirt_augmented/000005_aug_00.jpg,1
wrinkled_white_shirt_augmented/000005_aug_01.jpg,1
wrinkled_white_shirt_augmented/000005_aug_02.jpg,1
wrinkled_white_shirt_augmented/000005_aug_03.jpg,1
wrinkled_white_shirt_augmented/000005_aug_04.jpg,1
wrinkled_white_shirt_augmented/000005_aug_05.jpg,1
wrinkled_white_shirt_augmented/000005_aug_06.jpg,1
wrinkled_white_shirt_augmented/000005_aug_07.jpg,1
wrinkled_white_shirt_augmented/000005_aug_08.jpg,1
wrinkled_white_shirt_augmented/000005_aug_09.jpg,1
wrinkled_white_shirt_augmented/000005_aug_10.jpg,1
wrinkled_white_shirt_augmented/000005_aug_11.jpg,1
wrinkled_white_shirt_augmented/000005_aug_12.jpg,1
wrinkled_white_shirt_augmented/000005_aug_13.jpg,1
wrinkled_white_shirt_augmented/000005_aug_14.jpg,1
wrinkled_white_shirt_augmented/000005_aug_15.jpg,1
wrinkled_white_shirt_augmented/000005_aug_16.jpg,1
wrinkled_white_shirt_augmented/000005_aug_17.jpg,1
wrinkled_white_shirt_augmented/000005_aug_18.jpg,1
wrinkled_white_shirt_augmented/000005_aug_19.jpg,1
wrinkled_white_shirt_augmented/000005_aug_20.jpg,1
wrinkled_white_shirt_augmented/000005_aug_21.jpg,1
wrinkled_white_shirt_augmented/000005_aug_22.jpg,1
wrinkled_white_shirt_augmented/000006_aug_00.jpg,1
wrinkled_white_shirt_augmented/000006_aug_01.jpg,1
wrinkled_white_shirt_augmented/000006_aug_02.jpg,1
wrinkled_white_shirt_augmented/000006_aug_03.jpg,1
wrinkled_white_shirt_augmented/000006_aug_04.jpg,1
wrinkled_white_shirt_augmented/000006_aug_05.jpg,1
wrinkled_white_shirt_augmented/000006_aug_06.jpg,1
wrinkled_white_shirt_augmented/000006_aug_07.jpg,1
wrinkled_white_shirt_augmented/000006_aug_08.jpg,1
wrinkled_white_shirt_augmented/000006_aug_09.jpg,1
wrinkled_white_shirt_augmented/000006_aug_10.jpg,1
wrinkled_white_shirt_augmented/000006_aug_11.jpg,1
wrinkled_white_shirt_augmented/000006_aug_12.jpg,1
wrinkled_white_shirt_augmented/000006_aug_13.jpg,1
wrinkled_white_shirt_augmented/000006_aug_14.jpg,1
wrinkled_white_shirt_augmented/000006_aug_15.jpg,1
wrinkled_white_shirt_augmented/000006_aug_16.jpg,1
wrinkled_white_shirt_augmented/000006_aug_17.jpg,1
wrinkled_white_shirt_augmented/000006_aug_18.jpg,1
wrinkled_white_shirt_augmented/000006_aug_19.jpg,1
wrinkled_white_shirt_augmented/000006_aug_20.jpg,1
wrinkled_white_shirt_augmented/000006_aug_21.jpg,1
wrinkled_white_shirt_augmented/000006_aug_22.jpg,1
wrinkled_white_shirt_augmented/000007_aug_00.jpg,1
wrinkled_white_shirt_augmented/000007_aug_01.jpg,1
wrinkled_white_shirt_augmented/000007_aug_02.jpg,1
wrinkled_white_shirt_augmented/000007_aug_03.jpg,1
wrinkled_white_shirt_augmented/000007_aug_04.jpg,1
wrinkled_white_shirt_augmented/000007_aug_05.jpg,1
wrinkled_white_shirt_augmented/000007_aug_06.jpg,1
wrinkled_white_shirt_augmented/000007_aug_07.jpg,1
wrinkled_white_shirt_augmented/000007_aug_08.jpg,1
wrinkled_white_shirt_augmented/000007_aug_09.jpg,1
wrinkled_white_shirt_augmented/000007_aug_10.jpg,1
wrinkled_white_shirt_augmented/000007_aug_11.jpg,1
wrinkled_white_shirt_augmented/000007_aug_12.jpg,1
wrinkled_white_shirt_augmented/000007_aug_13.jpg,1
wrinkled_white_shirt_augmented/000007_aug_14.jpg,1
wrinkled_white_shirt_augmented/000007_aug_15.jpg,1
wrinkled_white_shirt_augmented/000007_aug_16.jpg,1
wrinkled_white_shirt_augmented/000007_aug_17.jpg,1
wrinkled_white_shirt_augmented/000007_aug_18.jpg,1
wrinkled_white_shirt_augmented/000007_aug_19.jpg,1
wrinkled_white_shirt_augmented/000007_aug_20.jpg,1
wrinkled_white_shirt_augmented/000007_aug_21.jpg,1
wrinkled_white_shirt_augmented/000007_aug_22.jpg,1
wrinkled_white_shirt_augmented/000008_aug_00.jpg,1
wrinkled_white_shirt_augmented/000008_aug_01.jpg,1
wrinkled_white_shirt_augmented/000008_aug_02.jpg,1
wrinkled_white_shirt_augmented/000008_aug_03.jpg,1
wrinkled_white_shirt_augmented/000008_aug_04.jpg,1
wrinkled_white_shirt_augmented/000008_aug_05.jpg,1
wrinkled_white_shirt_augmented/000008_aug_06.jpg,1
wrinkled_white_shirt_augmented/000008_aug_07.jpg,1
wrinkled_white_shirt_augmented/000008_aug_08.jpg,1
wrinkled_white_shirt_augmented/000008_aug_09.jpg,1
wrinkled_white_shirt_augmented/000008_aug_10.jpg,1
wrinkled_white_shirt_augmented/000008_aug_11.jpg,1
wrinkled_white_shirt_augmented/000008_aug_12.jpg,1
wrinkled_white_shirt_augmented/000008_aug_13.jpg,1
wrinkled_white_shirt_augmented/000008_aug_14.jpg,1
wrinkled_white_shirt_augmented/000008_aug_15.jpg,1
wrinkled_white_shirt_augmented/000008_aug_16.jpg,1
wrinkled_white_shirt_augmented/000008_aug_17.jpg,1
wrinkled_white_shirt_augmented/000008_aug_18.jpg,1
wrinkled_white_shirt_augmented/000008_aug_19.jpg,1
wrinkled_white_shirt_augmented/000008_aug_20.jpg,1
wrinkled_white_shirt_augmented/000008_aug_21.jpg,1
wrinkled_white_shirt_augmented/000008_aug_22.jpg,1
wrinkled_white_shirt_augmented/000009_aug_00.jpg,1
wrinkled_white_shirt_augmented/000009_aug_01.jpg,1
wrinkled_white_shirt_augmented/000009_aug_02.jpg,1
wrinkled_white_shirt_augmented/000009_aug_03.jpg,1
wrinkled_white_shirt_augmented/000009_aug_04.jpg,1
wrinkled_white_shirt_augmented/000009_aug_05.jpg,1
wrinkled_white_shirt_augmented/000009_aug_06.jpg,1
wrinkled_white_shirt_augmented/000009_aug_07.jpg,1
wrinkled_white_shirt_augmented/000009_aug_08.jpg,1
wrinkled_white_shirt_augmented/000009_aug_09.jpg,1
wrinkled_white_shirt_augmented/000009_aug_10.jpg,1
wrinkled_white_shirt_augmented/000009_aug_11.jpg,1
wrinkled_white_shirt_augmented/000009_aug_12.jpg,1
wrinkled_white_shirt_augmented/000009_aug_13.jpg,1
wrinkled_white_shirt_augmented/000009_aug_14.jpg,1
wrinkled_white_shirt_augmented/000009_aug_15.jpg,1
wrinkled_white_shirt_augmented/000009_aug_16.jpg,1
wrinkled_white_shirt_augmented/000009_aug_17.jpg,1
wrinkled_white_shirt_augmented/000009_aug_18.jpg,1
wrinkled_white_shirt_augmented/000009_aug_19.jpg,1
wrinkled_white_shirt_augmented/000009_aug_20.jpg,1
wrinkled_white_shirt_augmented/000009_aug_21.jpg,1
wrinkled_white_shirt_augmented/000009_aug_22.jpg,1
wrinkled_white_shirt_augmented/000010_aug_00.jpg,1
wrinkled_white_shirt_augmented/000010_aug_01.jpg,1
wrinkled_white_shirt_augmented/000010_aug_02.jpg,1
wrinkled_white_shirt_augmented/000010_aug_03.jpg,1
wrinkled_white_shirt_augmented/000010_aug_04.jpg,1
wrinkled_white_shirt_augmented/000010_aug_05.jpg,1
wrinkled_white_shirt_augmented/000010_aug_06.jpg,1
wrinkled_white_shirt_augmented/000010_aug_07.jpg,1
wrinkled_white_shirt_augmented/000010_aug_08.jpg,1
wrinkled_white_shirt_augmented/000010_aug_09.jpg,1
wrinkled_white_shirt_augmented/000010_aug_10.jpg,1
wrinkled_white_shirt_augmented/000010_aug_11.jpg,1
wrinkled_white_shirt_augmented/000010_aug_12.jpg,1
wrinkled_white_shirt_augmented/000010_aug_13.jpg,1
wrinkled_white_shirt_augmented/000010_aug_14.jpg,1
wrinkled_white_shirt_augmented/000010_aug_15.jpg,1
wrinkled_white_shirt_augmented/000010_aug_16.jpg,1
wrinkled_white_shirt_augmented/000010_aug_17.jpg,1
wrinkled_white_shirt_augmented/000010_aug_18.jpg,1
wrinkled_white_shirt_augmented/000010_aug_19.jpg,1
wrinkled_white_shirt_augmented/000010_aug_20.jpg,1
wrinkled_white_shirt_augmented/000010_aug_21.jpg,1
wrinkled_white_shirt_augmented/000010_aug_22.jpg,1
wrinkled_white_shirt_augmented/000011_aug_00.jpg,1
wrinkled_white_shirt_augmented/000011_aug_01.jpg,1
wrinkled_white_shirt_augmented/000011_aug_02.jpg,1
wrinkled_white_shirt_augmented/000011_aug_03.jpg,1
wrinkled_white_shirt_augmented/000011_aug_04.jpg,1
wrinkled_white_shirt_augmented/000011_aug_05.jpg,1
wrinkled_white_shirt_augmented/000011_aug_06.jpg,1
wrinkled_white_shirt_augmented/000011_aug_07.jpg,1
wrinkled_white_shirt_augmented/000011_aug_08.jpg,1
wrinkled_white_shirt_augmented/000011_aug_09.jpg,1
wrinkled_white_shirt_augmented/000011_aug_10.jpg,1
wrinkled_white_shirt_augmented/000011_aug_11.jpg,1
wrinkled_white_shirt_augmented/000011_aug_12.jpg,1
wrinkled_white_shirt_augmented/000011_aug_13.jpg,1
wrinkled_white_shirt_augmented/000011_aug_14.jpg,1
wrinkled_white_shirt_augmented/000011_aug_15.jpg,1
wrinkled_white_shirt_augmented/000011_aug_16.jpg,1
wrinkled_white_shirt_augmented/000011_aug_17.jpg,1
wrinkled_white_shirt_augmented/000011_aug_18.jpg,1
wrinkled_white_shirt_augmented/000011_aug_19.jpg,1
wrinkled_white_shirt_augmented/000011_aug_20.jpg,1
wrinkled_white_shirt_augmented/000011_aug_21.jpg,1
wrinkled_white_shirt_augmented/000011_aug_22.jpg,1
wrinkled_white_shirt_augmented/000012_aug_00.jpg,1
wrinkled_white_shirt_augmented/000012_aug_01.jpg,1
wrinkled_white_shirt_augmented/000012_aug_02.jpg,1
wrinkled_white_shirt_augmented/000012_aug_03.jpg,1
wrinkled_white_shirt_augmented/000012_aug_04.jpg,1
wrinkled_white_shirt_augmented/000012_aug_05.jpg,1
wrinkled_white_shirt_augmented/000012_aug_06.jpg,1
wrinkled_white_shirt_augmented/000012_aug_07.jpg,1
wrinkled_white_shirt_augmented/000012_aug_08.jpg,1
wrinkled_white_shirt_augmented/000012_aug_09.jpg,1
wrinkled_white_shirt_augmented/000012_aug_10.jpg,1
wrinkled_white_shirt_augmented/000012_aug_11.jpg,1
wrinkled_white_shirt_augmented/000012_aug_12.jpg,1
wrinkled_white_shirt_augmented/000012_aug_13.jpg,1
wrinkled_white_shirt_augmented/000012_aug_14.jpg,1
wrinkled_white_shirt_augmented/000012_aug_15.jpg,1
wrinkled_white_shirt_augmented/000012_aug_16.jpg,1
wrinkled_white_shirt_augmented/000012_aug_17.jpg,1
wrinkled_white_shirt_augmented/000012_aug_18.jpg,1
wrinkled_white_shirt_augmented/000012_aug_19.jpg,1
wrinkled_white_shirt_augmented/000012_aug_20.jpg,1
wrinkled_white_shirt_augmented/000012_aug_21.jpg,1
wrinkled_white_shirt_augmented/000012_aug_22.jpg,1
wrinkled_white_shirt_augmented/000013_aug_00.jpg,1
wrinkled_white_shirt_augmented/000013_aug_01.jpg,1
wrinkled_white_shirt_augmented/000013_aug_02.jpg,1
wrinkled_white_shirt_augmented/000013_aug_03.jpg,1
wrinkled_white_shirt_augmented/000013_aug_04.jpg,1
wrinkled_white_shirt_augmented/000013_aug_05.jpg,1
wrinkled_white_shirt_augmented/000013_aug_06.jpg,1
wrinkled_white_shirt_augmented/000013_aug_07.jpg,1
wrinkled_white_shirt_augmented/000013_aug_08.jpg,1
wrinkled_white_shirt_augmented/000013_aug_09.jpg,1
wrinkled_white_shirt_augmented/000013_aug_10.jpg,1
wrinkled_white_shirt_augmented/000013_aug_11.jpg,1
wrinkled_white_shirt_augmented/000013_aug_12.jpg,1
wrinkled_white_shirt_augmented/000013_aug_13.jpg,1
wrinkled_white_shirt_augmented/000013_aug_14.jpg,1
wrinkled_white_shirt_augmented/000013_aug_15.jpg,1
wrinkled_white_shirt_augmented/000013_aug_16.jpg,1
wrinkled_white_shirt_augmented/000013_aug_17.jpg,1
wrinkled_white_shirt_augmented/000013_aug_18.jpg,1
wrinkled_white_shirt_augmented/000013_aug_19.jpg,1
wrinkled_white_shirt_augmented/000013_aug_20.jpg,1
wrinkled_white_shirt_augmented/000013_aug_21.jpg,1
wrinkled_white_shirt_augmented/000013_aug_22.jpg,1
wrinkled_white_shirt_augmented/000014_aug_00.jpg,1
wrinkled_white_shirt_augmented/000014_aug_01.jpg,1
wrinkled_white_shirt_augmented/000014_aug_02.jpg,1
wrinkled_white_shirt_augmented/000014_aug_03.jpg,1
wrinkled_white_shirt_augmented/000014_aug_04.jpg,1
wrinkled_white_shirt_augmented/000014_aug_05.jpg,1
wrinkled_white_shirt_augmented/000014_aug_06.jpg,1
wrinkled_white_shirt_augmented/000014_aug_07.jpg,1
wrinkled_white_shirt_augmented/000014_aug_08.jpg,1
wrinkled_white_shirt_augmented/000014_aug_09.jpg,1
wrinkled_white_shirt_augmented/000014_aug_10.jpg,1
wrinkled_white_shirt_augmented/000014_aug_11.jpg,1
wrinkled_white_shirt_augmented/000014_aug_12.jpg,1
wrinkled_white_shirt_augmented/000014_aug_13.jpg,1
wrinkled_white_shirt_augmented/000014_aug_14.jpg,1
wrinkled_white_shirt_augmented/000014_aug_15.jpg,1
wrinkled_white_shirt_augmented/000014_aug_16.jpg,1
wrinkled_white_shirt_augmented/000014_aug_17.jpg,1
wrinkled_white_shirt_augmented/000014_aug_18.jpg,1
wrinkled_white_shirt_augmented/000014_aug_19.jpg,1
wrinkled_white_shirt_augmented/000014_aug_20.jpg,1
wrinkled_white_shirt_augmented/000014_aug_21.jpg,1
wrinkled_white_shirt_augmented/000014_aug_22.jpg,1
wrinkled_white_shirt_augmented/000015_aug_00.jpg,1
wrinkled_white_shirt_augmented/000015_aug_01.jpg,1
wrinkled_white_shirt_augmented/000015_aug_02.jpg,1
wrinkled_white_shirt_augmented/000015_aug_03.jpg,1
wrinkled_white_shirt_augmented/000015_aug_04.jpg,1
wrinkled_white_shirt_augmented/000015_aug_05.jpg,1
wrinkled_white_shirt_augmented/000015_aug_06.jpg,1
wrinkled_white_shirt_augmented/000015_aug_07.jpg,1
wrinkled_white_shirt_augmented/000015_aug_08.jpg,1
wrinkled_white_shirt_augmented/000015_aug_09.jpg,1
wrinkled_white_shirt_augmented/000015_aug_10.jpg,1
wrinkled_white_shirt_augmented/000015_aug_11.jpg,1
wrinkled_white_shirt_augmented/000015_aug_12.jpg,1
wrinkled_white_shirt_augmented/000015_aug_13.jpg,1
wrinkled_white_shirt_augmented/000015_aug_14.jpg,1
wrinkled_white_shirt_augmented/000015_aug_15.jpg,1
wrinkled_white_shirt_augmented/000015_aug_16.jpg,1
wrinkled_white_shirt_augmented/000015_aug_17.jpg,1
wrinkled_white_shirt_augmented/000015_aug_18.jpg,1
wrinkled_white_shirt_augmented/000015_aug_19.jpg,1
wrinkled_white_shirt_augmented/000015_aug_20.jpg,1
wrinkled_white_shirt_augmented/000015_aug_21.jpg,1
wrinkled_white_shirt_augmented/000015_aug_22.jpg,1
wrinkled_white_shirt_augmented/000016_aug_00.jpg,1
wrinkled_white_shirt_augmented/000016_aug_01.jpg,1
wrinkled_white_shirt_augmented/000016_aug_02.jpg,1
wrinkled_white_shirt_augmented/000016_aug_03.jpg,1
wrinkled_white_shirt_augmented/000016_aug_04.jpg,1
wrinkled_white_shirt_augmented/000016_aug_05.jpg,1
wrinkled_white_shirt_augmented/000016_aug_06.jpg,1
wrinkled_white_shirt_augmented/000016_aug_07.jpg,1
wrinkled_white_shirt_augmented/000016_aug_08.jpg,1
wrinkled_white_shirt_augmented/000016_aug_09.jpg,1
wrinkled_white_shirt_augmented/000016_aug_10.jpg,1
wrinkled_white_shirt_augmented/000016_aug_11.jpg,1
wrinkled_white_shirt_augmented/000016_aug_12.jpg,1
wrinkled_white_shirt_augmented/000016_aug_13.jpg,1
wrinkled_white_shirt_augmented/000016_aug_14.jpg,1
wrinkled_white_shirt_augmented/000016_aug_15.jpg,1
wrinkled_white_shirt_augmented/000016_aug_16.jpg,1
wrinkled_white_shirt_augmented/000016_aug_17.jpg,1
wrinkled_white_shirt_augmented/000016_aug_18.jpg,1
wrinkled_white_shirt_augmented/000016_aug_19.jpg,1
wrinkled_white_shirt_augmented/000016_aug_20.jpg,1
wrinkled_white_shirt_augmented/000016_aug_21.jpg,1
wrinkled_white_shirt_augmented/000016_aug_22.jpg,1
